[
{
    "model": "auth.permission",
    "pk": 1,
    "fields": {
        "name": "Can add log entry",
        "content_type": 1,
        "codename": "add_logentry"
    }
},
{
    "model": "auth.permission",
    "pk": 2,
    "fields": {
        "name": "Can change log entry",
        "content_type": 1,
        "codename": "change_logentry"
    }
},
{
    "model": "auth.permission",
    "pk": 3,
    "fields": {
        "name": "Can delete log entry",
        "content_type": 1,
        "codename": "delete_logentry"
    }
},
{
    "model": "auth.permission",
    "pk": 4,
    "fields": {
        "name": "Can view log entry",
        "content_type": 1,
        "codename": "view_logentry"
    }
},
{
    "model": "auth.permission",
    "pk": 5,
    "fields": {
        "name": "Can add permission",
        "content_type": 2,
        "codename": "add_permission"
    }
},
{
    "model": "auth.permission",
    "pk": 6,
    "fields": {
        "name": "Can change permission",
        "content_type": 2,
        "codename": "change_permission"
    }
},
{
    "model": "auth.permission",
    "pk": 7,
    "fields": {
        "name": "Can delete permission",
        "content_type": 2,
        "codename": "delete_permission"
    }
},
{
    "model": "auth.permission",
    "pk": 8,
    "fields": {
        "name": "Can view permission",
        "content_type": 2,
        "codename": "view_permission"
    }
},
{
    "model": "auth.permission",
    "pk": 9,
    "fields": {
        "name": "Can add group",
        "content_type": 3,
        "codename": "add_group"
    }
},
{
    "model": "auth.permission",
    "pk": 10,
    "fields": {
        "name": "Can change group",
        "content_type": 3,
        "codename": "change_group"
    }
},
{
    "model": "auth.permission",
    "pk": 11,
    "fields": {
        "name": "Can delete group",
        "content_type": 3,
        "codename": "delete_group"
    }
},
{
    "model": "auth.permission",
    "pk": 12,
    "fields": {
        "name": "Can view group",
        "content_type": 3,
        "codename": "view_group"
    }
},
{
    "model": "auth.permission",
    "pk": 13,
    "fields": {
        "name": "Can add user",
        "content_type": 4,
        "codename": "add_user"
    }
},
{
    "model": "auth.permission",
    "pk": 14,
    "fields": {
        "name": "Can change user",
        "content_type": 4,
        "codename": "change_user"
    }
},
{
    "model": "auth.permission",
    "pk": 15,
    "fields": {
        "name": "Can delete user",
        "content_type": 4,
        "codename": "delete_user"
    }
},
{
    "model": "auth.permission",
    "pk": 16,
    "fields": {
        "name": "Can view user",
        "content_type": 4,
        "codename": "view_user"
    }
},
{
    "model": "auth.permission",
    "pk": 17,
    "fields": {
        "name": "Can add content type",
        "content_type": 5,
        "codename": "add_contenttype"
    }
},
{
    "model": "auth.permission",
    "pk": 18,
    "fields": {
        "name": "Can change content type",
        "content_type": 5,
        "codename": "change_contenttype"
    }
},
{
    "model": "auth.permission",
    "pk": 19,
    "fields": {
        "name": "Can delete content type",
        "content_type": 5,
        "codename": "delete_contenttype"
    }
},
{
    "model": "auth.permission",
    "pk": 20,
    "fields": {
        "name": "Can view content type",
        "content_type": 5,
        "codename": "view_contenttype"
    }
},
{
    "model": "auth.permission",
    "pk": 21,
    "fields": {
        "name": "Can add session",
        "content_type": 6,
        "codename": "add_session"
    }
},
{
    "model": "auth.permission",
    "pk": 22,
    "fields": {
        "name": "Can change session",
        "content_type": 6,
        "codename": "change_session"
    }
},
{
    "model": "auth.permission",
    "pk": 23,
    "fields": {
        "name": "Can delete session",
        "content_type": 6,
        "codename": "delete_session"
    }
},
{
    "model": "auth.permission",
    "pk": 24,
    "fields": {
        "name": "Can view session",
        "content_type": 6,
        "codename": "view_session"
    }
},
{
    "model": "auth.permission",
    "pk": 25,
    "fields": {
        "name": "Can add categoria",
        "content_type": 7,
        "codename": "add_categoria"
    }
},
{
    "model": "auth.permission",
    "pk": 26,
    "fields": {
        "name": "Can change categoria",
        "content_type": 7,
        "codename": "change_categoria"
    }
},
{
    "model": "auth.permission",
    "pk": 27,
    "fields": {
        "name": "Can delete categoria",
        "content_type": 7,
        "codename": "delete_categoria"
    }
},
{
    "model": "auth.permission",
    "pk": 28,
    "fields": {
        "name": "Can view categoria",
        "content_type": 7,
        "codename": "view_categoria"
    }
},
{
    "model": "auth.permission",
    "pk": 29,
    "fields": {
        "name": "Can add etiqueta",
        "content_type": 8,
        "codename": "add_etiqueta"
    }
},
{
    "model": "auth.permission",
    "pk": 30,
    "fields": {
        "name": "Can change etiqueta",
        "content_type": 8,
        "codename": "change_etiqueta"
    }
},
{
    "model": "auth.permission",
    "pk": 31,
    "fields": {
        "name": "Can delete etiqueta",
        "content_type": 8,
        "codename": "delete_etiqueta"
    }
},
{
    "model": "auth.permission",
    "pk": 32,
    "fields": {
        "name": "Can view etiqueta",
        "content_type": 8,
        "codename": "view_etiqueta"
    }
},
{
    "model": "auth.permission",
    "pk": 33,
    "fields": {
        "name": "Can add tutorial",
        "content_type": 9,
        "codename": "add_tutorial"
    }
},
{
    "model": "auth.permission",
    "pk": 34,
    "fields": {
        "name": "Can change tutorial",
        "content_type": 9,
        "codename": "change_tutorial"
    }
},
{
    "model": "auth.permission",
    "pk": 35,
    "fields": {
        "name": "Can delete tutorial",
        "content_type": 9,
        "codename": "delete_tutorial"
    }
},
{
    "model": "auth.permission",
    "pk": 36,
    "fields": {
        "name": "Can view tutorial",
        "content_type": 9,
        "codename": "view_tutorial"
    }
},
{
    "model": "auth.permission",
    "pk": 37,
    "fields": {
        "name": "Can add usuario",
        "content_type": 10,
        "codename": "add_usuario"
    }
},
{
    "model": "auth.permission",
    "pk": 38,
    "fields": {
        "name": "Can change usuario",
        "content_type": 10,
        "codename": "change_usuario"
    }
},
{
    "model": "auth.permission",
    "pk": 39,
    "fields": {
        "name": "Can delete usuario",
        "content_type": 10,
        "codename": "delete_usuario"
    }
},
{
    "model": "auth.permission",
    "pk": 40,
    "fields": {
        "name": "Can view usuario",
        "content_type": 10,
        "codename": "view_usuario"
    }
},
{
    "model": "auth.permission",
    "pk": 41,
    "fields": {
        "name": "Can add sub categoria",
        "content_type": 11,
        "codename": "add_subcategoria"
    }
},
{
    "model": "auth.permission",
    "pk": 42,
    "fields": {
        "name": "Can change sub categoria",
        "content_type": 11,
        "codename": "change_subcategoria"
    }
},
{
    "model": "auth.permission",
    "pk": 43,
    "fields": {
        "name": "Can delete sub categoria",
        "content_type": 11,
        "codename": "delete_subcategoria"
    }
},
{
    "model": "auth.permission",
    "pk": 44,
    "fields": {
        "name": "Can view sub categoria",
        "content_type": 11,
        "codename": "view_subcategoria"
    }
},
{
    "model": "auth.permission",
    "pk": 45,
    "fields": {
        "name": "Can add favorito",
        "content_type": 12,
        "codename": "add_favorito"
    }
},
{
    "model": "auth.permission",
    "pk": 46,
    "fields": {
        "name": "Can change favorito",
        "content_type": 12,
        "codename": "change_favorito"
    }
},
{
    "model": "auth.permission",
    "pk": 47,
    "fields": {
        "name": "Can delete favorito",
        "content_type": 12,
        "codename": "delete_favorito"
    }
},
{
    "model": "auth.permission",
    "pk": 48,
    "fields": {
        "name": "Can view favorito",
        "content_type": 12,
        "codename": "view_favorito"
    }
},
{
    "model": "auth.permission",
    "pk": 49,
    "fields": {
        "name": "Can add etiqueta_tutorial",
        "content_type": 13,
        "codename": "add_etiqueta_tutorial"
    }
},
{
    "model": "auth.permission",
    "pk": 50,
    "fields": {
        "name": "Can change etiqueta_tutorial",
        "content_type": 13,
        "codename": "change_etiqueta_tutorial"
    }
},
{
    "model": "auth.permission",
    "pk": 51,
    "fields": {
        "name": "Can delete etiqueta_tutorial",
        "content_type": 13,
        "codename": "delete_etiqueta_tutorial"
    }
},
{
    "model": "auth.permission",
    "pk": 52,
    "fields": {
        "name": "Can view etiqueta_tutorial",
        "content_type": 13,
        "codename": "view_etiqueta_tutorial"
    }
},
{
    "model": "auth.permission",
    "pk": 53,
    "fields": {
        "name": "Can add perfil",
        "content_type": 14,
        "codename": "add_perfil"
    }
},
{
    "model": "auth.permission",
    "pk": 54,
    "fields": {
        "name": "Can change perfil",
        "content_type": 14,
        "codename": "change_perfil"
    }
},
{
    "model": "auth.permission",
    "pk": 55,
    "fields": {
        "name": "Can delete perfil",
        "content_type": 14,
        "codename": "delete_perfil"
    }
},
{
    "model": "auth.permission",
    "pk": 56,
    "fields": {
        "name": "Can view perfil",
        "content_type": 14,
        "codename": "view_perfil"
    }
},
{
    "model": "auth.permission",
    "pk": 57,
    "fields": {
        "name": "Can add favorito_usuario",
        "content_type": 15,
        "codename": "add_favorito_usuario"
    }
},
{
    "model": "auth.permission",
    "pk": 58,
    "fields": {
        "name": "Can change favorito_usuario",
        "content_type": 15,
        "codename": "change_favorito_usuario"
    }
},
{
    "model": "auth.permission",
    "pk": 59,
    "fields": {
        "name": "Can delete favorito_usuario",
        "content_type": 15,
        "codename": "delete_favorito_usuario"
    }
},
{
    "model": "auth.permission",
    "pk": 60,
    "fields": {
        "name": "Can view favorito_usuario",
        "content_type": 15,
        "codename": "view_favorito_usuario"
    }
},
{
    "model": "auth.permission",
    "pk": 61,
    "fields": {
        "name": "Can add curso",
        "content_type": 16,
        "codename": "add_curso"
    }
},
{
    "model": "auth.permission",
    "pk": 62,
    "fields": {
        "name": "Can change curso",
        "content_type": 16,
        "codename": "change_curso"
    }
},
{
    "model": "auth.permission",
    "pk": 63,
    "fields": {
        "name": "Can delete curso",
        "content_type": 16,
        "codename": "delete_curso"
    }
},
{
    "model": "auth.permission",
    "pk": 64,
    "fields": {
        "name": "Can view curso",
        "content_type": 16,
        "codename": "view_curso"
    }
},
{
    "model": "auth.permission",
    "pk": 65,
    "fields": {
        "name": "Can add comentario",
        "content_type": 17,
        "codename": "add_comentario"
    }
},
{
    "model": "auth.permission",
    "pk": 66,
    "fields": {
        "name": "Can change comentario",
        "content_type": 17,
        "codename": "change_comentario"
    }
},
{
    "model": "auth.permission",
    "pk": 67,
    "fields": {
        "name": "Can delete comentario",
        "content_type": 17,
        "codename": "delete_comentario"
    }
},
{
    "model": "auth.permission",
    "pk": 68,
    "fields": {
        "name": "Can view comentario",
        "content_type": 17,
        "codename": "view_comentario"
    }
},
{
    "model": "auth.permission",
    "pk": 69,
    "fields": {
        "name": "Can add certificado",
        "content_type": 18,
        "codename": "add_certificado"
    }
},
{
    "model": "auth.permission",
    "pk": 70,
    "fields": {
        "name": "Can change certificado",
        "content_type": 18,
        "codename": "change_certificado"
    }
},
{
    "model": "auth.permission",
    "pk": 71,
    "fields": {
        "name": "Can delete certificado",
        "content_type": 18,
        "codename": "delete_certificado"
    }
},
{
    "model": "auth.permission",
    "pk": 72,
    "fields": {
        "name": "Can view certificado",
        "content_type": 18,
        "codename": "view_certificado"
    }
},
{
    "model": "contenttypes.contenttype",
    "pk": 1,
    "fields": {
        "app_label": "admin",
        "model": "logentry"
    }
},
{
    "model": "contenttypes.contenttype",
    "pk": 2,
    "fields": {
        "app_label": "auth",
        "model": "permission"
    }
},
{
    "model": "contenttypes.contenttype",
    "pk": 3,
    "fields": {
        "app_label": "auth",
        "model": "group"
    }
},
{
    "model": "contenttypes.contenttype",
    "pk": 4,
    "fields": {
        "app_label": "auth",
        "model": "user"
    }
},
{
    "model": "contenttypes.contenttype",
    "pk": 5,
    "fields": {
        "app_label": "contenttypes",
        "model": "contenttype"
    }
},
{
    "model": "contenttypes.contenttype",
    "pk": 6,
    "fields": {
        "app_label": "sessions",
        "model": "session"
    }
},
{
    "model": "contenttypes.contenttype",
    "pk": 7,
    "fields": {
        "app_label": "tutorial",
        "model": "categoria"
    }
},
{
    "model": "contenttypes.contenttype",
    "pk": 8,
    "fields": {
        "app_label": "tutorial",
        "model": "etiqueta"
    }
},
{
    "model": "contenttypes.contenttype",
    "pk": 9,
    "fields": {
        "app_label": "tutorial",
        "model": "tutorial"
    }
},
{
    "model": "contenttypes.contenttype",
    "pk": 10,
    "fields": {
        "app_label": "tutorial",
        "model": "usuario"
    }
},
{
    "model": "contenttypes.contenttype",
    "pk": 11,
    "fields": {
        "app_label": "tutorial",
        "model": "subcategoria"
    }
},
{
    "model": "contenttypes.contenttype",
    "pk": 12,
    "fields": {
        "app_label": "tutorial",
        "model": "favorito"
    }
},
{
    "model": "contenttypes.contenttype",
    "pk": 13,
    "fields": {
        "app_label": "tutorial",
        "model": "etiqueta_tutorial"
    }
},
{
    "model": "contenttypes.contenttype",
    "pk": 14,
    "fields": {
        "app_label": "tutorial",
        "model": "perfil"
    }
},
{
    "model": "contenttypes.contenttype",
    "pk": 15,
    "fields": {
        "app_label": "tutorial",
        "model": "favorito_usuario"
    }
},
{
    "model": "contenttypes.contenttype",
    "pk": 16,
    "fields": {
        "app_label": "tutorial",
        "model": "curso"
    }
},
{
    "model": "contenttypes.contenttype",
    "pk": 17,
    "fields": {
        "app_label": "tutorial",
        "model": "comentario"
    }
},
{
    "model": "contenttypes.contenttype",
    "pk": 18,
    "fields": {
        "app_label": "tutorial",
        "model": "certificado"
    }
},
{
    "model": "tutorial.usuario",
    "pk": 1,
    "fields": {
        "nombre": "Onto goal key throw.",
        "email": "carlathompson@example.org",
        "fecha_Registro": "1975-01-31",
        "es_activo": false,
        "puntuacion": "0.3"
    }
},
{
    "model": "tutorial.usuario",
    "pk": 2,
    "fields": {
        "nombre": "And Mr fall past several.",
        "email": "jacobhull@example.net",
        "fecha_Registro": "2012-09-22",
        "es_activo": false,
        "puntuacion": "0.8"
    }
},
{
    "model": "tutorial.usuario",
    "pk": 3,
    "fields": {
        "nombre": "Letter young chance worker.",
        "email": "kimfuller@example.com",
        "fecha_Registro": "1983-10-23",
        "es_activo": false,
        "puntuacion": "0.2"
    }
},
{
    "model": "tutorial.usuario",
    "pk": 4,
    "fields": {
        "nombre": "Bank appear people everyone.",
        "email": "markstephenson@example.org",
        "fecha_Registro": "2012-09-27",
        "es_activo": false,
        "puntuacion": "0.8"
    }
},
{
    "model": "tutorial.usuario",
    "pk": 5,
    "fields": {
        "nombre": "Hard alone matter we itself.",
        "email": "rodneythomas@example.com",
        "fecha_Registro": "1997-02-07",
        "es_activo": true,
        "puntuacion": "0.6"
    }
},
{
    "model": "tutorial.usuario",
    "pk": 6,
    "fields": {
        "nombre": "Person school factor again.",
        "email": "grayzoe@example.org",
        "fecha_Registro": "2003-08-23",
        "es_activo": true,
        "puntuacion": "0.2"
    }
},
{
    "model": "tutorial.usuario",
    "pk": 7,
    "fields": {
        "nombre": "Right edge risk.",
        "email": "galvarez@example.net",
        "fecha_Registro": "2006-10-16",
        "es_activo": false,
        "puntuacion": "0.6"
    }
},
{
    "model": "tutorial.perfil",
    "pk": 1,
    "fields": {
        "bio": "Today half dark resource smile. Develop thought wrong dark able. Step list reveal if job family scientist.\nFive lawyer marriage. Into politics station democratic ten itself control.",
        "fecha_Nacimiento": "1999-07-11",
        "redes": "FB",
        "estudios": "Situation factor be better partner. Near off sister throughout heavy huge.\nHusband spring perhaps tr",
        "usuario": 7
    }
},
{
    "model": "tutorial.perfil",
    "pk": 2,
    "fields": {
        "bio": "Class color late. Officer pay interesting big until job.\nCapital little you mouth keep. Often west skin energy news grow address.",
        "fecha_Nacimiento": "1976-01-12",
        "redes": "LI",
        "estudios": "Onto who be for nothing. Or site free risk myself today. Stuff expert war quality get.\nForeign lay o",
        "usuario": 6
    }
},
{
    "model": "tutorial.perfil",
    "pk": 3,
    "fields": {
        "bio": "Trouble back left short voice. Daughter generation worker likely side production.\nBaby they agreement stay year customer watch. Mrs month its talk product network within for.",
        "fecha_Nacimiento": "2018-02-22",
        "redes": "LI",
        "estudios": "Behind social very audience though. Both major capital. Somebody success vote not test.\nI he may thr",
        "usuario": 2
    }
},
{
    "model": "tutorial.perfil",
    "pk": 4,
    "fields": {
        "bio": "Really challenge Mr. Trip daughter group break budget world staff.\nYoung miss culture with full stay window. Song lot dream watch cause but catch. Senior run benefit.",
        "fecha_Nacimiento": "2015-10-27",
        "redes": "LI",
        "estudios": "Be personal director owner. South west push enter.\nReality military piece else save rise relationshi",
        "usuario": 5
    }
},
{
    "model": "tutorial.perfil",
    "pk": 5,
    "fields": {
        "bio": "Environment great party hundred. Everyone side action call executive happen education tell. Girl involve anyone must.",
        "fecha_Nacimiento": "1987-03-09",
        "redes": "TW",
        "estudios": "Prepare its standard evidence hotel. Generation black have within agent would none. Skill chair natu",
        "usuario": 1
    }
},
{
    "model": "tutorial.perfil",
    "pk": 6,
    "fields": {
        "bio": "Green bank difficult run remember pretty identify. Important college chair few she world some.",
        "fecha_Nacimiento": "1980-09-30",
        "redes": "IG",
        "estudios": "According east marriage rock. Establish direction indicate add stuff.\nColor life suffer machine tele",
        "usuario": 4
    }
},
{
    "model": "tutorial.perfil",
    "pk": 7,
    "fields": {
        "bio": "Animal accept artist tough public old. Former explain water story indeed with reduce.",
        "fecha_Nacimiento": "2017-04-22",
        "redes": "FB",
        "estudios": "Often effect everybody catch three. Affect idea create effort.",
        "usuario": 3
    }
},
{
    "model": "tutorial.tutorial",
    "pk": 1,
    "fields": {
        "titulo": "Day especially car.",
        "contenido": "Itself anything nothing sport raise dog near black. Science rather role save. Bag low set kid enough write.\nBig decide suffer newspaper himself. Position thus leg.",
        "fecha_Creacion": "2023-04-08T15:46:18",
        "visitas": -27497,
        "valoracion": "0.9",
        "usuario": 7
    }
},
{
    "model": "tutorial.tutorial",
    "pk": 2,
    "fields": {
        "titulo": "Southern south final onto Mr manage.",
        "contenido": "Information three social whom official board activity. Public bring argue. Follow grow author at various guy.",
        "fecha_Creacion": "1980-07-04T12:44:46",
        "visitas": -5027,
        "valoracion": "0.9",
        "usuario": 3
    }
},
{
    "model": "tutorial.tutorial",
    "pk": 3,
    "fields": {
        "titulo": "Around technology sister local.",
        "contenido": "Entire tough white continue where. Participant force role easy.\nAccount arm cut. Test attack spring tell develop live. First worker big southern effect other worry lay.",
        "fecha_Creacion": "1987-06-08T08:16:07",
        "visitas": 15560,
        "valoracion": "0.8",
        "usuario": 5
    }
},
{
    "model": "tutorial.tutorial",
    "pk": 4,
    "fields": {
        "titulo": "Card anything nice.",
        "contenido": "Order than morning behavior argue evening. Model official information poor.\nYet big require model. Class town than he resource. Himself body hear personal old public.",
        "fecha_Creacion": "2018-10-28T09:27:27",
        "visitas": -27674,
        "valoracion": "0.9",
        "usuario": 5
    }
},
{
    "model": "tutorial.tutorial",
    "pk": 5,
    "fields": {
        "titulo": "Sit region start final suggest.",
        "contenido": "Road sing argue example cell mouth moment. Answer smile style center believe since increase nation.\nForget region Mr figure state mission group each. Daughter current according kid reveal.",
        "fecha_Creacion": "1981-01-11T14:43:01",
        "visitas": 320,
        "valoracion": "0.6",
        "usuario": 2
    }
},
{
    "model": "tutorial.tutorial",
    "pk": 6,
    "fields": {
        "titulo": "Because partner along.",
        "contenido": "Wrong common who admit other crime. Sit contain real could college economic whose.\nSimply middle whom design good by. Our rock million star six sea. Tax sea skill never.",
        "fecha_Creacion": "1971-12-22T16:29:53",
        "visitas": 31564,
        "valoracion": "0.6",
        "usuario": 7
    }
},
{
    "model": "tutorial.tutorial",
    "pk": 7,
    "fields": {
        "titulo": "Professional product lot man image hit part.",
        "contenido": "Enter reflect along hold claim three. Beautiful away really also. Audience finally stand modern.",
        "fecha_Creacion": "1999-11-23T01:05:46",
        "visitas": 20415,
        "valoracion": "0.2",
        "usuario": 1
    }
},
{
    "model": "tutorial.categoria",
    "pk": 1,
    "fields": {
        "nombre": "Feel customer find.",
        "es_activa": true,
        "popularidad": "0.6",
        "descripcion": "Have adult answer whose direction most point. Fine right teach notice recognize. Upon world research mention concern party successful.",
        "tutorial": 7
    }
},
{
    "model": "tutorial.categoria",
    "pk": 2,
    "fields": {
        "nombre": "Mr subject between place watch itself.",
        "es_activa": true,
        "popularidad": "0.7",
        "descripcion": "Star police baby along meet explain skill. Affect paper loss act blue.\nAnd article thus whose outside old mind.",
        "tutorial": 5
    }
},
{
    "model": "tutorial.categoria",
    "pk": 3,
    "fields": {
        "nombre": "Key leader reach decision back black.",
        "es_activa": false,
        "popularidad": "0.7",
        "descripcion": "Design ever adult citizen son. Want sit public be your step southern. Popular commercial room beyond outside present very.",
        "tutorial": 1
    }
},
{
    "model": "tutorial.categoria",
    "pk": 4,
    "fields": {
        "nombre": "About table race manager family.",
        "es_activa": false,
        "popularidad": "0.1",
        "descripcion": "Organization city believe government. Degree according very building change. Money black important. Spring keep hair image base notice.",
        "tutorial": 1
    }
},
{
    "model": "tutorial.categoria",
    "pk": 5,
    "fields": {
        "nombre": "Not manager table sense. Wear property sister.",
        "es_activa": false,
        "popularidad": "0.5",
        "descripcion": "Reach guy study manage including attorney its. Travel bit professional specific success edge.\nAvoid thus send road book per window. Take hold break stop. Herself economy fish cause close reason also.",
        "tutorial": 5
    }
},
{
    "model": "tutorial.categoria",
    "pk": 6,
    "fields": {
        "nombre": "Paper tree kind responsibility stay party.",
        "es_activa": false,
        "popularidad": "0.7",
        "descripcion": "Example ground product option. Program back party science never agreement program.\nNo direction give contain. Take successful study bad. Everybody interesting stand step three.",
        "tutorial": 2
    }
},
{
    "model": "tutorial.categoria",
    "pk": 7,
    "fields": {
        "nombre": "Can hour experience entire.",
        "es_activa": true,
        "popularidad": "0.6",
        "descripcion": "Truth raise will certainly return.\nHave five data north paper. Image need free must once. Animal choice guy yard. Senior attack international until worry.\nClass politics believe case.",
        "tutorial": 7
    }
},
{
    "model": "tutorial.subcategoria",
    "pk": 1,
    "fields": {
        "nombre": "Artist agree collection computer success road.",
        "descripcion": "Word discover alone law chance wait event. Usually size sister sound now stuff. Cup others wrong situation administration art.",
        "fecha_Creacion": "2021-03-02T12:37:42",
        "activa": false,
        "categoria": 3
    }
},
{
    "model": "tutorial.subcategoria",
    "pk": 2,
    "fields": {
        "nombre": "Character fill so none movie news why.",
        "descripcion": "Standard amount hot letter. Service see wrong seat ok down. Employee individual letter.\nArm film child can. Too us item citizen possible seem. Phone house hot many.",
        "fecha_Creacion": "2018-09-13T08:51:02",
        "activa": true,
        "categoria": 2
    }
},
{
    "model": "tutorial.subcategoria",
    "pk": 3,
    "fields": {
        "nombre": "Water base network Democrat partner speech later.",
        "descripcion": "Billion fact air become herself treat. Six allow ok it throw drug case. Edge drive family similar language structure for.",
        "fecha_Creacion": "2014-09-07T07:13:17",
        "activa": true,
        "categoria": 1
    }
},
{
    "model": "tutorial.subcategoria",
    "pk": 4,
    "fields": {
        "nombre": "Show space crime defense its third.",
        "descripcion": "Join teach include it would want. Prove a of outside open.",
        "fecha_Creacion": "2018-04-29T00:54:59",
        "activa": false,
        "categoria": 7
    }
},
{
    "model": "tutorial.subcategoria",
    "pk": 5,
    "fields": {
        "nombre": "Itself game quickly bed large people at.",
        "descripcion": "Walk from reflect. American carry vote not ever nor pick move. Successful history cost central money although very policy.\nBlue choose year himself surface. Else beautiful want special.",
        "fecha_Creacion": "2008-03-07T22:43:55",
        "activa": false,
        "categoria": 3
    }
},
{
    "model": "tutorial.subcategoria",
    "pk": 6,
    "fields": {
        "nombre": "Research house world as. Great nice and song a.",
        "descripcion": "Air benefit environmental act company eight use. Decision people result writer huge.\nStand poor accept life official always individual.",
        "fecha_Creacion": "1976-04-17T04:22:24",
        "activa": false,
        "categoria": 5
    }
},
{
    "model": "tutorial.subcategoria",
    "pk": 7,
    "fields": {
        "nombre": "It wait contain future.",
        "descripcion": "Allow across he father service point. Value single up day left senior Republican. House his from new receive decision produce.\nLine side show push.",
        "fecha_Creacion": "2008-01-12T05:13:40",
        "activa": true,
        "categoria": 5
    }
},
{
    "model": "tutorial.etiqueta",
    "pk": 1,
    "fields": {
        "nombre": "Catch chair shake break security option.",
        "color": "American begin whose nearly position avoid level.",
        "publica": true,
        "descripcion": "May floor later open. City feeling product east. Bad miss remember describe be. After ever any during score."
    }
},
{
    "model": "tutorial.etiqueta",
    "pk": 2,
    "fields": {
        "nombre": "Fine herself memory phone discover.",
        "color": "People score reflect several tonight improve.",
        "publica": false,
        "descripcion": "Medical wear foot in care set. Soon play candidate natural capital bag. Final heavy list level.\nImprove game toward evidence fill. American actually third trial."
    }
},
{
    "model": "tutorial.etiqueta",
    "pk": 3,
    "fields": {
        "nombre": "Themselves seem hospital.",
        "color": "Difference book mouth. Mr easy another look.",
        "publica": false,
        "descripcion": "Get specific international subject large especially time. Authority news head current attention personal. End middle song box."
    }
},
{
    "model": "tutorial.etiqueta",
    "pk": 4,
    "fields": {
        "nombre": "Weight him product expert member deal.",
        "color": "Night director pretty protect age near.",
        "publica": true,
        "descripcion": "Life attorney floor east field production summer week. Science especially catch area city create.\nFigure within increase evening compare small spring. Move message pressure. Wait glass energy tend."
    }
},
{
    "model": "tutorial.etiqueta",
    "pk": 5,
    "fields": {
        "nombre": "Control even though serve.",
        "color": "Station natural particularly against image.",
        "publica": false,
        "descripcion": "Defense offer require interest college eye detail.\nProgram rich always charge. Control either safe check need treatment."
    }
},
{
    "model": "tutorial.etiqueta",
    "pk": 6,
    "fields": {
        "nombre": "Read team federal.",
        "color": "Interview star somebody contain.",
        "publica": false,
        "descripcion": "Win if west move air ground goal. Who reflect forget.\nDevelopment figure both fund law. Inside better detail pattern. Project author movie news.\nRun once peace. Wall buy dark lawyer."
    }
},
{
    "model": "tutorial.etiqueta",
    "pk": 7,
    "fields": {
        "nombre": "Anything investment value strong.",
        "color": "Reason quickly officer office however only.",
        "publica": true,
        "descripcion": "Lawyer build sing beat amount. Understand trouble enjoy learn.\nDoor growth pass if science. Approach ball write station write."
    }
},
{
    "model": "tutorial.favorito",
    "pk": 1,
    "fields": {
        "fecha_Guardado": "2007-12-03T11:49:00",
        "comentario_Destacado": "Public deal soldier home quickly remain these.\nNecessary affect mind tree pretty. Paper early her. Special animal recently three strategy history.\nMe become huge play win. Season his line concern.",
        "importancia": "0.5",
        "notificacion": true,
        "tutorial": 1
    }
},
{
    "model": "tutorial.favorito",
    "pk": 2,
    "fields": {
        "fecha_Guardado": "2012-11-01T16:27:14",
        "comentario_Destacado": "News unit business human deal skill level. Board sense meet doctor religious.\nMiddle else body read daughter team. Seek structure about relationship.",
        "importancia": "0.7",
        "notificacion": true,
        "tutorial": 2
    }
},
{
    "model": "tutorial.favorito",
    "pk": 3,
    "fields": {
        "fecha_Guardado": "1984-10-12T05:23:59",
        "comentario_Destacado": "Into hold poor throw sense brother. Drug window with close. Exist sometimes finish question majority marriage attack.\nRole brother during production wonder.",
        "importancia": "0.9",
        "notificacion": false,
        "tutorial": 2
    }
},
{
    "model": "tutorial.favorito",
    "pk": 4,
    "fields": {
        "fecha_Guardado": "2014-07-24T21:32:24",
        "comentario_Destacado": "Professor time however politics poor prevent scene. Together bit water fall official scene. Chair democratic often far look professional produce subject.",
        "importancia": "0.4",
        "notificacion": false,
        "tutorial": 6
    }
},
{
    "model": "tutorial.favorito",
    "pk": 5,
    "fields": {
        "fecha_Guardado": "1980-09-19T02:01:12",
        "comentario_Destacado": "Industry huge set various couple beautiful fine. Do move school city official notice. Modern food although full nice certainly response. Resource day moment policy include save attorney.",
        "importancia": "0.4",
        "notificacion": true,
        "tutorial": 3
    }
},
{
    "model": "tutorial.favorito",
    "pk": 6,
    "fields": {
        "fecha_Guardado": "2005-04-11T23:16:04",
        "comentario_Destacado": "Space near Mr accept heart guy ahead. Skill someone sea dream finally spend arm.\nTeacher player family huge deal. War power bank wind.",
        "importancia": "0.5",
        "notificacion": false,
        "tutorial": 2
    }
},
{
    "model": "tutorial.favorito",
    "pk": 7,
    "fields": {
        "fecha_Guardado": "2013-09-26T03:09:26",
        "comentario_Destacado": "Including among possible remain health study look science. Song they never third run military hand. Main heavy describe the continue he relate.",
        "importancia": "0.6",
        "notificacion": true,
        "tutorial": 2
    }
},
{
    "model": "tutorial.curso",
    "pk": 1,
    "fields": {
        "nombre": "Treat son ten yeah.",
        "descripcion": "Approach fine early order pattern clear. Tv someone ground accept. Child myself box.\nBox best various dark. Or ahead fact put.",
        "horas": -17792,
        "precio": "0.35",
        "tutorial": 5,
        "usuario": [
            2,
            3
        ]
    }
},
{
    "model": "tutorial.curso",
    "pk": 2,
    "fields": {
        "nombre": "Free party control affect.",
        "descripcion": "Example available for present. System clear parent five. Though discuss whom final young guy. Rest paper investment cover.",
        "horas": -23008,
        "precio": "0.29",
        "tutorial": 4,
        "usuario": [
            2
        ]
    }
},
{
    "model": "tutorial.curso",
    "pk": 3,
    "fields": {
        "nombre": "Decision less grow keep support deal community.",
        "descripcion": "Customer dark early rich leader end.\nAvoid test sense raise yes find. Wide responsibility nation share others pick.\nQuite ground across change actually upon month. Gun yard different ok while need.",
        "horas": -6283,
        "precio": "0.94",
        "tutorial": 4,
        "usuario": [
            4,
            7
        ]
    }
},
{
    "model": "tutorial.curso",
    "pk": 4,
    "fields": {
        "nombre": "There read early by perhaps minute.",
        "descripcion": "Cause doctor without budget listen natural. College rest dog charge reflect early job. Father near special production do management me.\nWrong relate team. Vote second situation role.",
        "horas": -25068,
        "precio": "0.26",
        "tutorial": 6,
        "usuario": [
            2,
            7
        ]
    }
},
{
    "model": "tutorial.curso",
    "pk": 5,
    "fields": {
        "nombre": "By like part money discussion.",
        "descripcion": "Magazine country approach again few. Stuff important you speech party art kind.\nIdentify bill goal nature bag.\nSection fact try even authority hour loss. Those house southern organization gas force.",
        "horas": -5695,
        "precio": "0.74",
        "tutorial": 5,
        "usuario": [
            3
        ]
    }
},
{
    "model": "tutorial.curso",
    "pk": 6,
    "fields": {
        "nombre": "List president half tonight go collection.",
        "descripcion": "Resource question can line. Effort when prevent early camera market drive.",
        "horas": 31060,
        "precio": "0.28",
        "tutorial": 7,
        "usuario": [
            3
        ]
    }
},
{
    "model": "tutorial.curso",
    "pk": 7,
    "fields": {
        "nombre": "Ready computer word although customer.",
        "descripcion": "Order draw above tell daughter thus vote remember. Our area tell truth policy.\nChair rise nature draw others dark once phone. Police action skill remain dog size production.",
        "horas": -7263,
        "precio": "0.52",
        "tutorial": 4,
        "usuario": [
            2
        ]
    }
},
{
    "model": "tutorial.certificado",
    "pk": 1,
    "fields": {
        "fecha_emision": "1991-09-04",
        "codigo_verificacion": "Talk also along about.",
        "nivel": -26838,
        "url_descarga": "Or west high above trade yeah generation.",
        "curso": 5,
        "usuario": 3
    }
},
{
    "model": "tutorial.certificado",
    "pk": 2,
    "fields": {
        "fecha_emision": "2002-07-03",
        "codigo_verificacion": "Dream rich development impact very improve to.",
        "nivel": -446,
        "url_descarga": "School I at success radio range.",
        "curso": 4,
        "usuario": 6
    }
},
{
    "model": "tutorial.certificado",
    "pk": 3,
    "fields": {
        "fecha_emision": "1985-08-27",
        "codigo_verificacion": "Measure today society none least.",
        "nivel": -11940,
        "url_descarga": "Tree ok direction half sure.",
        "curso": 2,
        "usuario": 1
    }
},
{
    "model": "tutorial.certificado",
    "pk": 4,
    "fields": {
        "fecha_emision": "1983-08-06",
        "codigo_verificacion": "Pick society become day item develop.",
        "nivel": 6749,
        "url_descarga": "And significant girl else several often identify.",
        "curso": 7,
        "usuario": 2
    }
},
{
    "model": "tutorial.certificado",
    "pk": 5,
    "fields": {
        "fecha_emision": "1999-07-03",
        "codigo_verificacion": "Build town born enough Republican doctor.",
        "nivel": 19903,
        "url_descarga": "Even material none need.",
        "curso": 3,
        "usuario": 4
    }
},
{
    "model": "tutorial.certificado",
    "pk": 6,
    "fields": {
        "fecha_emision": "2001-04-01",
        "codigo_verificacion": "Environmental sell here natural color age.",
        "nivel": -13974,
        "url_descarga": "Say system political dog.",
        "curso": 1,
        "usuario": 5
    }
},
{
    "model": "tutorial.certificado",
    "pk": 7,
    "fields": {
        "fecha_emision": "1978-01-09",
        "codigo_verificacion": "Sort measure personal ball smile particular Mr.",
        "nivel": -5220,
        "url_descarga": "Perform project require land plant owner.",
        "curso": 6,
        "usuario": 7
    }
},
{
    "model": "tutorial.comentario",
    "pk": 1,
    "fields": {
        "contenido": "Draw degree somebody easy source. Cut future feel each main throw.\nTrial special occur approach story partner. Table health management finally field well. Manager skin development.",
        "fecha": "1978-10-02T20:48:56",
        "visible": false,
        "puntuacion": "0.4",
        "usuario": 7
    }
},
{
    "model": "tutorial.comentario",
    "pk": 2,
    "fields": {
        "contenido": "Behavior message skill education look.\nCustomer black kitchen recent national something maintain nation. Since effect wind would interview building. Nor suddenly action management great group.",
        "fecha": "2019-12-03T18:03:48",
        "visible": true,
        "puntuacion": "0.1",
        "usuario": 3
    }
},
{
    "model": "tutorial.comentario",
    "pk": 3,
    "fields": {
        "contenido": "Color building attack then various sound. Scientist computer improve or. Address keep stuff relate than kitchen.",
        "fecha": "2004-12-17T13:51:45",
        "visible": true,
        "puntuacion": "0.2",
        "usuario": 6
    }
},
{
    "model": "tutorial.comentario",
    "pk": 4,
    "fields": {
        "contenido": "Under stay include TV especially. Police feeling operation debate close perhaps.\nMight again safe structure together glass. Various there detail theory carry according final.",
        "fecha": "2023-02-08T04:56:38",
        "visible": false,
        "puntuacion": "0.5",
        "usuario": 4
    }
},
{
    "model": "tutorial.comentario",
    "pk": 5,
    "fields": {
        "contenido": "Majority yes show parent together through. However painting their agent brother no least. Night thing responsibility than structure.",
        "fecha": "1984-08-13T22:23:46",
        "visible": true,
        "puntuacion": "0.6",
        "usuario": 6
    }
},
{
    "model": "tutorial.comentario",
    "pk": 6,
    "fields": {
        "contenido": "President less theory government other. Democratic southern matter nice possible. Recently professional bill memory.",
        "fecha": "2014-02-16T02:46:12",
        "visible": false,
        "puntuacion": "0.1",
        "usuario": 3
    }
},
{
    "model": "tutorial.comentario",
    "pk": 7,
    "fields": {
        "contenido": "Energy stock fall fine reach responsibility.\nLaugh pass can focus option both college. Tv exactly everyone speech. Such view near difference society respond participant.",
        "fecha": "1997-12-03T09:46:06",
        "visible": true,
        "puntuacion": "0.1",
        "usuario": 2
    }
},
{
    "model": "tutorial.etiqueta_tutorial",
    "pk": 1,
    "fields": {
        "id_etiqueta": 1,
        "id_tutorial": 5
    }
},
{
    "model": "tutorial.etiqueta_tutorial",
    "pk": 2,
    "fields": {
        "id_etiqueta": 2,
        "id_tutorial": 6
    }
},
{
    "model": "tutorial.etiqueta_tutorial",
    "pk": 3,
    "fields": {
        "id_etiqueta": 3,
        "id_tutorial": 4
    }
},
{
    "model": "tutorial.etiqueta_tutorial",
    "pk": 4,
    "fields": {
        "id_etiqueta": 4,
        "id_tutorial": 4
    }
},
{
    "model": "tutorial.etiqueta_tutorial",
    "pk": 5,
    "fields": {
        "id_etiqueta": 4,
        "id_tutorial": 2
    }
},
{
    "model": "tutorial.etiqueta_tutorial",
    "pk": 6,
    "fields": {
        "id_etiqueta": 5,
        "id_tutorial": 5
    }
},
{
    "model": "tutorial.etiqueta_tutorial",
    "pk": 7,
    "fields": {
        "id_etiqueta": 5,
        "id_tutorial": 7
    }
},
{
    "model": "tutorial.etiqueta_tutorial",
    "pk": 8,
    "fields": {
        "id_etiqueta": 6,
        "id_tutorial": 2
    }
},
{
    "model": "tutorial.etiqueta_tutorial",
    "pk": 9,
    "fields": {
        "id_etiqueta": 7,
        "id_tutorial": 1
    }
},
{
    "model": "tutorial.etiqueta_tutorial",
    "pk": 10,
    "fields": {
        "id_etiqueta": 4,
        "id_tutorial": 6
    }
},
{
    "model": "tutorial.etiqueta_tutorial",
    "pk": 11,
    "fields": {
        "id_etiqueta": 5,
        "id_tutorial": 4
    }
},
{
    "model": "tutorial.etiqueta_tutorial",
    "pk": 12,
    "fields": {
        "id_etiqueta": 3,
        "id_tutorial": 7
    }
},
{
    "model": "tutorial.etiqueta_tutorial",
    "pk": 13,
    "fields": {
        "id_etiqueta": 6,
        "id_tutorial": 4
    }
},
{
    "model": "tutorial.etiqueta_tutorial",
    "pk": 14,
    "fields": {
        "id_etiqueta": 2,
        "id_tutorial": 4
    }
},
{
    "model": "tutorial.etiqueta_tutorial",
    "pk": 15,
    "fields": {
        "id_etiqueta": 2,
        "id_tutorial": 7
    }
},
{
    "model": "tutorial.etiqueta_tutorial",
    "pk": 16,
    "fields": {
        "id_etiqueta": 2,
        "id_tutorial": 1
    }
},
{
    "model": "tutorial.favorito_usuario",
    "pk": 1,
    "fields": {
        "id_usuario": 4,
        "id_favorito": 1
    }
},
{
    "model": "tutorial.favorito_usuario",
    "pk": 2,
    "fields": {
        "id_usuario": 3,
        "id_favorito": 1
    }
},
{
    "model": "tutorial.favorito_usuario",
    "pk": 3,
    "fields": {
        "id_usuario": 1,
        "id_favorito": 2
    }
},
{
    "model": "tutorial.favorito_usuario",
    "pk": 4,
    "fields": {
        "id_usuario": 4,
        "id_favorito": 3
    }
},
{
    "model": "tutorial.favorito_usuario",
    "pk": 5,
    "fields": {
        "id_usuario": 2,
        "id_favorito": 4
    }
},
{
    "model": "tutorial.favorito_usuario",
    "pk": 6,
    "fields": {
        "id_usuario": 4,
        "id_favorito": 4
    }
},
{
    "model": "tutorial.favorito_usuario",
    "pk": 7,
    "fields": {
        "id_usuario": 2,
        "id_favorito": 5
    }
},
{
    "model": "tutorial.favorito_usuario",
    "pk": 8,
    "fields": {
        "id_usuario": 7,
        "id_favorito": 6
    }
},
{
    "model": "tutorial.favorito_usuario",
    "pk": 9,
    "fields": {
        "id_usuario": 4,
        "id_favorito": 7
    }
},
{
    "model": "tutorial.favorito_usuario",
    "pk": 10,
    "fields": {
        "id_usuario": 4,
        "id_favorito": 5
    }
},
{
    "model": "tutorial.favorito_usuario",
    "pk": 11,
    "fields": {
        "id_usuario": 3,
        "id_favorito": 6
    }
},
{
    "model": "tutorial.favorito_usuario",
    "pk": 12,
    "fields": {
        "id_usuario": 5,
        "id_favorito": 1
    }
},
{
    "model": "tutorial.favorito_usuario",
    "pk": 13,
    "fields": {
        "id_usuario": 4,
        "id_favorito": 5
    }
},
{
    "model": "tutorial.favorito_usuario",
    "pk": 14,
    "fields": {
        "id_usuario": 4,
        "id_favorito": 7
    }
},
{
    "model": "tutorial.favorito_usuario",
    "pk": 15,
    "fields": {
        "id_usuario": 2,
        "id_favorito": 7
    }
},
{
    "model": "tutorial.favorito_usuario",
    "pk": 16,
    "fields": {
        "id_usuario": 2,
        "id_favorito": 6
    }
}
]
