[
{
    "model": "auth.permission",
    "pk": 1,
    "fields": {
        "name": "Can add log entry",
        "content_type": 1,
        "codename": "add_logentry"
    }
},
{
    "model": "auth.permission",
    "pk": 2,
    "fields": {
        "name": "Can change log entry",
        "content_type": 1,
        "codename": "change_logentry"
    }
},
{
    "model": "auth.permission",
    "pk": 3,
    "fields": {
        "name": "Can delete log entry",
        "content_type": 1,
        "codename": "delete_logentry"
    }
},
{
    "model": "auth.permission",
    "pk": 4,
    "fields": {
        "name": "Can view log entry",
        "content_type": 1,
        "codename": "view_logentry"
    }
},
{
    "model": "auth.permission",
    "pk": 5,
    "fields": {
        "name": "Can add permission",
        "content_type": 2,
        "codename": "add_permission"
    }
},
{
    "model": "auth.permission",
    "pk": 6,
    "fields": {
        "name": "Can change permission",
        "content_type": 2,
        "codename": "change_permission"
    }
},
{
    "model": "auth.permission",
    "pk": 7,
    "fields": {
        "name": "Can delete permission",
        "content_type": 2,
        "codename": "delete_permission"
    }
},
{
    "model": "auth.permission",
    "pk": 8,
    "fields": {
        "name": "Can view permission",
        "content_type": 2,
        "codename": "view_permission"
    }
},
{
    "model": "auth.permission",
    "pk": 9,
    "fields": {
        "name": "Can add group",
        "content_type": 3,
        "codename": "add_group"
    }
},
{
    "model": "auth.permission",
    "pk": 10,
    "fields": {
        "name": "Can change group",
        "content_type": 3,
        "codename": "change_group"
    }
},
{
    "model": "auth.permission",
    "pk": 11,
    "fields": {
        "name": "Can delete group",
        "content_type": 3,
        "codename": "delete_group"
    }
},
{
    "model": "auth.permission",
    "pk": 12,
    "fields": {
        "name": "Can view group",
        "content_type": 3,
        "codename": "view_group"
    }
},
{
    "model": "auth.permission",
    "pk": 13,
    "fields": {
        "name": "Can add user",
        "content_type": 4,
        "codename": "add_user"
    }
},
{
    "model": "auth.permission",
    "pk": 14,
    "fields": {
        "name": "Can change user",
        "content_type": 4,
        "codename": "change_user"
    }
},
{
    "model": "auth.permission",
    "pk": 15,
    "fields": {
        "name": "Can delete user",
        "content_type": 4,
        "codename": "delete_user"
    }
},
{
    "model": "auth.permission",
    "pk": 16,
    "fields": {
        "name": "Can view user",
        "content_type": 4,
        "codename": "view_user"
    }
},
{
    "model": "auth.permission",
    "pk": 17,
    "fields": {
        "name": "Can add content type",
        "content_type": 5,
        "codename": "add_contenttype"
    }
},
{
    "model": "auth.permission",
    "pk": 18,
    "fields": {
        "name": "Can change content type",
        "content_type": 5,
        "codename": "change_contenttype"
    }
},
{
    "model": "auth.permission",
    "pk": 19,
    "fields": {
        "name": "Can delete content type",
        "content_type": 5,
        "codename": "delete_contenttype"
    }
},
{
    "model": "auth.permission",
    "pk": 20,
    "fields": {
        "name": "Can view content type",
        "content_type": 5,
        "codename": "view_contenttype"
    }
},
{
    "model": "auth.permission",
    "pk": 21,
    "fields": {
        "name": "Can add session",
        "content_type": 6,
        "codename": "add_session"
    }
},
{
    "model": "auth.permission",
    "pk": 22,
    "fields": {
        "name": "Can change session",
        "content_type": 6,
        "codename": "change_session"
    }
},
{
    "model": "auth.permission",
    "pk": 23,
    "fields": {
        "name": "Can delete session",
        "content_type": 6,
        "codename": "delete_session"
    }
},
{
    "model": "auth.permission",
    "pk": 24,
    "fields": {
        "name": "Can view session",
        "content_type": 6,
        "codename": "view_session"
    }
},
{
    "model": "auth.permission",
    "pk": 25,
    "fields": {
        "name": "Can add usuario",
        "content_type": 7,
        "codename": "add_usuario"
    }
},
{
    "model": "auth.permission",
    "pk": 26,
    "fields": {
        "name": "Can change usuario",
        "content_type": 7,
        "codename": "change_usuario"
    }
},
{
    "model": "auth.permission",
    "pk": 27,
    "fields": {
        "name": "Can delete usuario",
        "content_type": 7,
        "codename": "delete_usuario"
    }
},
{
    "model": "auth.permission",
    "pk": 28,
    "fields": {
        "name": "Can view usuario",
        "content_type": 7,
        "codename": "view_usuario"
    }
},
{
    "model": "auth.permission",
    "pk": 29,
    "fields": {
        "name": "Can add perfil",
        "content_type": 8,
        "codename": "add_perfil"
    }
},
{
    "model": "auth.permission",
    "pk": 30,
    "fields": {
        "name": "Can change perfil",
        "content_type": 8,
        "codename": "change_perfil"
    }
},
{
    "model": "auth.permission",
    "pk": 31,
    "fields": {
        "name": "Can delete perfil",
        "content_type": 8,
        "codename": "delete_perfil"
    }
},
{
    "model": "auth.permission",
    "pk": 32,
    "fields": {
        "name": "Can view perfil",
        "content_type": 8,
        "codename": "view_perfil"
    }
},
{
    "model": "auth.permission",
    "pk": 33,
    "fields": {
        "name": "Can add tutorial",
        "content_type": 9,
        "codename": "add_tutorial"
    }
},
{
    "model": "auth.permission",
    "pk": 34,
    "fields": {
        "name": "Can change tutorial",
        "content_type": 9,
        "codename": "change_tutorial"
    }
},
{
    "model": "auth.permission",
    "pk": 35,
    "fields": {
        "name": "Can delete tutorial",
        "content_type": 9,
        "codename": "delete_tutorial"
    }
},
{
    "model": "auth.permission",
    "pk": 36,
    "fields": {
        "name": "Can view tutorial",
        "content_type": 9,
        "codename": "view_tutorial"
    }
},
{
    "model": "auth.permission",
    "pk": 37,
    "fields": {
        "name": "Can add categoria",
        "content_type": 10,
        "codename": "add_categoria"
    }
},
{
    "model": "auth.permission",
    "pk": 38,
    "fields": {
        "name": "Can change categoria",
        "content_type": 10,
        "codename": "change_categoria"
    }
},
{
    "model": "auth.permission",
    "pk": 39,
    "fields": {
        "name": "Can delete categoria",
        "content_type": 10,
        "codename": "delete_categoria"
    }
},
{
    "model": "auth.permission",
    "pk": 40,
    "fields": {
        "name": "Can view categoria",
        "content_type": 10,
        "codename": "view_categoria"
    }
},
{
    "model": "auth.permission",
    "pk": 41,
    "fields": {
        "name": "Can add sub categoria",
        "content_type": 11,
        "codename": "add_subcategoria"
    }
},
{
    "model": "auth.permission",
    "pk": 42,
    "fields": {
        "name": "Can change sub categoria",
        "content_type": 11,
        "codename": "change_subcategoria"
    }
},
{
    "model": "auth.permission",
    "pk": 43,
    "fields": {
        "name": "Can delete sub categoria",
        "content_type": 11,
        "codename": "delete_subcategoria"
    }
},
{
    "model": "auth.permission",
    "pk": 44,
    "fields": {
        "name": "Can view sub categoria",
        "content_type": 11,
        "codename": "view_subcategoria"
    }
},
{
    "model": "auth.permission",
    "pk": 45,
    "fields": {
        "name": "Can add etiqueta",
        "content_type": 12,
        "codename": "add_etiqueta"
    }
},
{
    "model": "auth.permission",
    "pk": 46,
    "fields": {
        "name": "Can change etiqueta",
        "content_type": 12,
        "codename": "change_etiqueta"
    }
},
{
    "model": "auth.permission",
    "pk": 47,
    "fields": {
        "name": "Can delete etiqueta",
        "content_type": 12,
        "codename": "delete_etiqueta"
    }
},
{
    "model": "auth.permission",
    "pk": 48,
    "fields": {
        "name": "Can view etiqueta",
        "content_type": 12,
        "codename": "view_etiqueta"
    }
},
{
    "model": "auth.permission",
    "pk": 49,
    "fields": {
        "name": "Can add favorito",
        "content_type": 13,
        "codename": "add_favorito"
    }
},
{
    "model": "auth.permission",
    "pk": 50,
    "fields": {
        "name": "Can change favorito",
        "content_type": 13,
        "codename": "change_favorito"
    }
},
{
    "model": "auth.permission",
    "pk": 51,
    "fields": {
        "name": "Can delete favorito",
        "content_type": 13,
        "codename": "delete_favorito"
    }
},
{
    "model": "auth.permission",
    "pk": 52,
    "fields": {
        "name": "Can view favorito",
        "content_type": 13,
        "codename": "view_favorito"
    }
},
{
    "model": "auth.permission",
    "pk": 53,
    "fields": {
        "name": "Can add curso",
        "content_type": 14,
        "codename": "add_curso"
    }
},
{
    "model": "auth.permission",
    "pk": 54,
    "fields": {
        "name": "Can change curso",
        "content_type": 14,
        "codename": "change_curso"
    }
},
{
    "model": "auth.permission",
    "pk": 55,
    "fields": {
        "name": "Can delete curso",
        "content_type": 14,
        "codename": "delete_curso"
    }
},
{
    "model": "auth.permission",
    "pk": 56,
    "fields": {
        "name": "Can view curso",
        "content_type": 14,
        "codename": "view_curso"
    }
},
{
    "model": "auth.permission",
    "pk": 57,
    "fields": {
        "name": "Can add certificado",
        "content_type": 15,
        "codename": "add_certificado"
    }
},
{
    "model": "auth.permission",
    "pk": 58,
    "fields": {
        "name": "Can change certificado",
        "content_type": 15,
        "codename": "change_certificado"
    }
},
{
    "model": "auth.permission",
    "pk": 59,
    "fields": {
        "name": "Can delete certificado",
        "content_type": 15,
        "codename": "delete_certificado"
    }
},
{
    "model": "auth.permission",
    "pk": 60,
    "fields": {
        "name": "Can view certificado",
        "content_type": 15,
        "codename": "view_certificado"
    }
},
{
    "model": "auth.permission",
    "pk": 61,
    "fields": {
        "name": "Can add comentario",
        "content_type": 16,
        "codename": "add_comentario"
    }
},
{
    "model": "auth.permission",
    "pk": 62,
    "fields": {
        "name": "Can change comentario",
        "content_type": 16,
        "codename": "change_comentario"
    }
},
{
    "model": "auth.permission",
    "pk": 63,
    "fields": {
        "name": "Can delete comentario",
        "content_type": 16,
        "codename": "delete_comentario"
    }
},
{
    "model": "auth.permission",
    "pk": 64,
    "fields": {
        "name": "Can view comentario",
        "content_type": 16,
        "codename": "view_comentario"
    }
},
{
    "model": "auth.permission",
    "pk": 65,
    "fields": {
        "name": "Can add etiqueta_tutorial",
        "content_type": 17,
        "codename": "add_etiqueta_tutorial"
    }
},
{
    "model": "auth.permission",
    "pk": 66,
    "fields": {
        "name": "Can change etiqueta_tutorial",
        "content_type": 17,
        "codename": "change_etiqueta_tutorial"
    }
},
{
    "model": "auth.permission",
    "pk": 67,
    "fields": {
        "name": "Can delete etiqueta_tutorial",
        "content_type": 17,
        "codename": "delete_etiqueta_tutorial"
    }
},
{
    "model": "auth.permission",
    "pk": 68,
    "fields": {
        "name": "Can view etiqueta_tutorial",
        "content_type": 17,
        "codename": "view_etiqueta_tutorial"
    }
},
{
    "model": "auth.permission",
    "pk": 69,
    "fields": {
        "name": "Can add favorito_usuario",
        "content_type": 18,
        "codename": "add_favorito_usuario"
    }
},
{
    "model": "auth.permission",
    "pk": 70,
    "fields": {
        "name": "Can change favorito_usuario",
        "content_type": 18,
        "codename": "change_favorito_usuario"
    }
},
{
    "model": "auth.permission",
    "pk": 71,
    "fields": {
        "name": "Can delete favorito_usuario",
        "content_type": 18,
        "codename": "delete_favorito_usuario"
    }
},
{
    "model": "auth.permission",
    "pk": 72,
    "fields": {
        "name": "Can view favorito_usuario",
        "content_type": 18,
        "codename": "view_favorito_usuario"
    }
},
{
    "model": "contenttypes.contenttype",
    "pk": 1,
    "fields": {
        "app_label": "admin",
        "model": "logentry"
    }
},
{
    "model": "contenttypes.contenttype",
    "pk": 2,
    "fields": {
        "app_label": "auth",
        "model": "permission"
    }
},
{
    "model": "contenttypes.contenttype",
    "pk": 3,
    "fields": {
        "app_label": "auth",
        "model": "group"
    }
},
{
    "model": "contenttypes.contenttype",
    "pk": 4,
    "fields": {
        "app_label": "auth",
        "model": "user"
    }
},
{
    "model": "contenttypes.contenttype",
    "pk": 5,
    "fields": {
        "app_label": "contenttypes",
        "model": "contenttype"
    }
},
{
    "model": "contenttypes.contenttype",
    "pk": 6,
    "fields": {
        "app_label": "sessions",
        "model": "session"
    }
},
{
    "model": "contenttypes.contenttype",
    "pk": 7,
    "fields": {
        "app_label": "tutorial",
        "model": "usuario"
    }
},
{
    "model": "contenttypes.contenttype",
    "pk": 8,
    "fields": {
        "app_label": "tutorial",
        "model": "perfil"
    }
},
{
    "model": "contenttypes.contenttype",
    "pk": 9,
    "fields": {
        "app_label": "tutorial",
        "model": "tutorial"
    }
},
{
    "model": "contenttypes.contenttype",
    "pk": 10,
    "fields": {
        "app_label": "tutorial",
        "model": "categoria"
    }
},
{
    "model": "contenttypes.contenttype",
    "pk": 11,
    "fields": {
        "app_label": "tutorial",
        "model": "subcategoria"
    }
},
{
    "model": "contenttypes.contenttype",
    "pk": 12,
    "fields": {
        "app_label": "tutorial",
        "model": "etiqueta"
    }
},
{
    "model": "contenttypes.contenttype",
    "pk": 13,
    "fields": {
        "app_label": "tutorial",
        "model": "favorito"
    }
},
{
    "model": "contenttypes.contenttype",
    "pk": 14,
    "fields": {
        "app_label": "tutorial",
        "model": "curso"
    }
},
{
    "model": "contenttypes.contenttype",
    "pk": 15,
    "fields": {
        "app_label": "tutorial",
        "model": "certificado"
    }
},
{
    "model": "contenttypes.contenttype",
    "pk": 16,
    "fields": {
        "app_label": "tutorial",
        "model": "comentario"
    }
},
{
    "model": "contenttypes.contenttype",
    "pk": 17,
    "fields": {
        "app_label": "tutorial",
        "model": "etiqueta_tutorial"
    }
},
{
    "model": "contenttypes.contenttype",
    "pk": 18,
    "fields": {
        "app_label": "tutorial",
        "model": "favorito_usuario"
    }
},
{
    "model": "tutorial.usuario",
    "pk": 1,
    "fields": {
        "nombre": "Job billion officer.",
        "email": "daniel82@example.com",
        "fecha_Registro": "1974-11-15",
        "es_activo": false,
        "puntuacion": "0.1"
    }
},
{
    "model": "tutorial.usuario",
    "pk": 2,
    "fields": {
        "nombre": "Choice figure foreign wall.",
        "email": "michaelvaughn@example.com",
        "fecha_Registro": "2024-06-11",
        "es_activo": true,
        "puntuacion": "0.8"
    }
},
{
    "model": "tutorial.usuario",
    "pk": 3,
    "fields": {
        "nombre": "A music special fall.",
        "email": "gabrielladean@example.org",
        "fecha_Registro": "2002-05-26",
        "es_activo": true,
        "puntuacion": "0.5"
    }
},
{
    "model": "tutorial.usuario",
    "pk": 4,
    "fields": {
        "nombre": "Of girl stand business.",
        "email": "thomasjose@example.org",
        "fecha_Registro": "2003-03-19",
        "es_activo": true,
        "puntuacion": "0.7"
    }
},
{
    "model": "tutorial.usuario",
    "pk": 5,
    "fields": {
        "nombre": "Wait stop success act read.",
        "email": "williamsbonnie@example.com",
        "fecha_Registro": "1979-08-13",
        "es_activo": true,
        "puntuacion": "0.5"
    }
},
{
    "model": "tutorial.usuario",
    "pk": 6,
    "fields": {
        "nombre": "Training car foot.",
        "email": "terriliu@example.com",
        "fecha_Registro": "1991-06-28",
        "es_activo": false,
        "puntuacion": "0.3"
    }
},
{
    "model": "tutorial.usuario",
    "pk": 7,
    "fields": {
        "nombre": "Special meet wrong work.",
        "email": "umacdonald@example.org",
        "fecha_Registro": "1987-09-25",
        "es_activo": true,
        "puntuacion": "0.4"
    }
},
{
    "model": "tutorial.usuario",
    "pk": 8,
    "fields": {
        "nombre": "Left cell exist red market.",
        "email": "qmoore@example.com",
        "fecha_Registro": "2001-12-30",
        "es_activo": false,
        "puntuacion": "0.7"
    }
},
{
    "model": "tutorial.usuario",
    "pk": 9,
    "fields": {
        "nombre": "Put draw such safe of.",
        "email": "samantha41@example.com",
        "fecha_Registro": "1987-04-11",
        "es_activo": true,
        "puntuacion": "0.1"
    }
},
{
    "model": "tutorial.usuario",
    "pk": 10,
    "fields": {
        "nombre": "Chair bring at recognize.",
        "email": "andrew15@example.net",
        "fecha_Registro": "1972-09-12",
        "es_activo": true,
        "puntuacion": "0.8"
    }
},
{
    "model": "tutorial.usuario",
    "pk": 11,
    "fields": {
        "nombre": "Career since within.",
        "email": "hbrooks@example.com",
        "fecha_Registro": "2023-11-14",
        "es_activo": true,
        "puntuacion": "1.0"
    }
},
{
    "model": "tutorial.usuario",
    "pk": 12,
    "fields": {
        "nombre": "Apply land onto break.",
        "email": "udavila@example.org",
        "fecha_Registro": "1989-01-07",
        "es_activo": false,
        "puntuacion": "0.6"
    }
},
{
    "model": "tutorial.usuario",
    "pk": 13,
    "fields": {
        "nombre": "Nature agent could in.",
        "email": "kimleah@example.com",
        "fecha_Registro": "1977-05-14",
        "es_activo": false,
        "puntuacion": "0.6"
    }
},
{
    "model": "tutorial.usuario",
    "pk": 14,
    "fields": {
        "nombre": "Open unit trip share support.",
        "email": "kelli32@example.com",
        "fecha_Registro": "2018-12-25",
        "es_activo": false,
        "puntuacion": "0.9"
    }
},
{
    "model": "tutorial.usuario",
    "pk": 15,
    "fields": {
        "nombre": "Move including energy expect.",
        "email": "jason56@example.org",
        "fecha_Registro": "2021-11-28",
        "es_activo": false,
        "puntuacion": "0.9"
    }
},
{
    "model": "tutorial.perfil",
    "pk": 1,
    "fields": {
        "bio": "Suddenly any sell poor baby. Seat nation now. Me skill scientist most believe recently.\nFoot many five serve fire person. Listen red team born contain skill through. Choice buy admit commercial.",
        "fecha_Nacimiento": "1975-06-24",
        "redes": "TW",
        "estudios": "History ground rate create. Minute industry kid ever. Cold fire girl or woman general. Begin throw l",
        "usuario": 5
    }
},
{
    "model": "tutorial.perfil",
    "pk": 2,
    "fields": {
        "bio": "Me town amount price low here. According task power. Skill throughout college message realize necessary.\nThrow surface design sense fact situation.",
        "fecha_Nacimiento": "2006-11-07",
        "redes": "FB",
        "estudios": "Discuss eye down ten establish put. Man cultural game great professor.\nThe thus tree. Maintain goal ",
        "usuario": 9
    }
},
{
    "model": "tutorial.perfil",
    "pk": 3,
    "fields": {
        "bio": "Two risk special adult. Employee history often per.\nCivil draw degree none determine.\nParticular lawyer machine air. Expect life with student. Describe capital realize leg.",
        "fecha_Nacimiento": "1978-04-28",
        "redes": "FB",
        "estudios": "Education yeah box trial. A area identify different base reveal religious boy.\nCouple official fund ",
        "usuario": 4
    }
},
{
    "model": "tutorial.perfil",
    "pk": 4,
    "fields": {
        "bio": "Project political them finally those ability become movie. Whether close wide draw such put huge. Statement knowledge side too he store position.\nOwner customer result type. Majority as act include.",
        "fecha_Nacimiento": "2021-08-24",
        "redes": "TW",
        "estudios": "Answer public short your identify this. How state nice despite.",
        "usuario": 1
    }
},
{
    "model": "tutorial.perfil",
    "pk": 5,
    "fields": {
        "bio": "Result born role best half actually. Republican draw meeting action simply war dinner interview.\nLoss development than significant free. Form yeah your stop.",
        "fecha_Nacimiento": "2007-05-13",
        "redes": "FB",
        "estudios": "Fact along least member huge throw total standard. Person drug kind amount. Already part Congress al",
        "usuario": 11
    }
},
{
    "model": "tutorial.perfil",
    "pk": 6,
    "fields": {
        "bio": "Hard beat chair. Drive push generation college employee run another five. Than hot room pick well have drop.\nTime question never already vote learn. Voice six any current news.",
        "fecha_Nacimiento": "2016-12-18",
        "redes": "FB",
        "estudios": "Or him nature draw.\nContinue full same need through data. Message direction wall face environmental.",
        "usuario": 13
    }
},
{
    "model": "tutorial.perfil",
    "pk": 7,
    "fields": {
        "bio": "Recent issue machine others. Let of around morning. Travel color fund south.\nAsk feeling position east might pattern. Common summer Mrs it majority issue light.",
        "fecha_Nacimiento": "1977-03-23",
        "redes": "LI",
        "estudios": "Investment growth class region month organization. These believe they easy. Push gun more foreign if",
        "usuario": 2
    }
},
{
    "model": "tutorial.perfil",
    "pk": 8,
    "fields": {
        "bio": "Recent campaign civil might executive trial rock. Scene claim decision often.",
        "fecha_Nacimiento": "1971-04-15",
        "redes": "FB",
        "estudios": "Happen hour left style quite study myself. Weight spring financial song born few at. Recently behind",
        "usuario": 10
    }
},
{
    "model": "tutorial.perfil",
    "pk": 9,
    "fields": {
        "bio": "Bed thought daughter. Effort resource statement true above society training. Now arrive rock. Factor necessary issue fight.\nAnother hundred mouth me common. Especially rock a seven story rule.",
        "fecha_Nacimiento": "2005-02-14",
        "redes": "IG",
        "estudios": "Then color short. Behind another official foreign writer property quite.\nDetail clear worry risk ana",
        "usuario": 3
    }
},
{
    "model": "tutorial.perfil",
    "pk": 10,
    "fields": {
        "bio": "Entire church how without must wish visit. Government detail head step. Someone anyone meet remain position account loss.",
        "fecha_Nacimiento": "2003-07-10",
        "redes": "TW",
        "estudios": "Occur history up culture majority here firm. Sound individual book daughter. Yourself decision imagi",
        "usuario": 12
    }
},
{
    "model": "tutorial.perfil",
    "pk": 11,
    "fields": {
        "bio": "Near able yes human. Line economic cultural see week join certainly. I office hair present read suddenly.\nOthers marriage serve. This form low all.",
        "fecha_Nacimiento": "1994-10-24",
        "redes": "TW",
        "estudios": "Find hour per true man meeting. Animal morning knowledge room may forward how. Individual walk cold ",
        "usuario": 15
    }
},
{
    "model": "tutorial.perfil",
    "pk": 12,
    "fields": {
        "bio": "Letter Congress people what business interview brother. Theory young later coach week.\nPut new military first take wait effect. Concern ready land state. Detail unit hand prevent green ok.",
        "fecha_Nacimiento": "2007-11-25",
        "redes": "TW",
        "estudios": "Morning evidence design expect result thousand statement. Animal say so training rule recent.\nPolicy",
        "usuario": 14
    }
},
{
    "model": "tutorial.perfil",
    "pk": 13,
    "fields": {
        "bio": "Television cold about author court serious guy. Hard mind mean everything country pay.\nLeft move none. More fill hospital seek ball suddenly speech. Our air weight.",
        "fecha_Nacimiento": "1995-05-29",
        "redes": "LI",
        "estudios": "Relate year give book my. Quite particular push allow capital question. Yes beautiful indeed.",
        "usuario": 7
    }
},
{
    "model": "tutorial.perfil",
    "pk": 14,
    "fields": {
        "bio": "Personal their raise base quite from. Enough actually art house become garden campaign until. Good someone card rather better success.",
        "fecha_Nacimiento": "2016-05-23",
        "redes": "FB",
        "estudios": "Space level concern other. Build sure interest raise recently safe final. Modern soldier successful ",
        "usuario": 6
    }
},
{
    "model": "tutorial.perfil",
    "pk": 15,
    "fields": {
        "bio": "Camera near entire hour agency fine heart put. Above success end partner. Age force blood lot begin interview fire.",
        "fecha_Nacimiento": "1971-08-05",
        "redes": "IG",
        "estudios": "Defense type today. Age back difficult agreement. Still rest future partner adult federal worker bro",
        "usuario": 8
    }
},
{
    "model": "tutorial.tutorial",
    "pk": 1,
    "fields": {
        "titulo": "Mother ahead that role treat.",
        "contenido": "Full money realize voice arrive. Drug imagine poor. Finally want happen.\nAgent per together respond he.",
        "fecha_Creacion": "2019-11-21T09:32:31",
        "visitas": -24327,
        "valoracion": "0.3",
        "usuario": 6
    }
},
{
    "model": "tutorial.tutorial",
    "pk": 2,
    "fields": {
        "titulo": "Cover marriage discover beyond wall story.",
        "contenido": "Action plant body.\nThere bank some.\nBy help reveal house either everybody. Everybody hospital between safe.\nSense throw magazine trip. Reality response professional common fund education back.",
        "fecha_Creacion": "1979-12-16T03:51:48",
        "visitas": 13420,
        "valoracion": "0.4",
        "usuario": 14
    }
},
{
    "model": "tutorial.tutorial",
    "pk": 3,
    "fields": {
        "titulo": "Table later success fast.",
        "contenido": "Turn some customer ball blood personal land.\nDrop must stop month central store. Thousand democratic accept scene field land. Under raise claim purpose.",
        "fecha_Creacion": "2021-05-03T15:08:56",
        "visitas": 17078,
        "valoracion": "0.1",
        "usuario": 12
    }
},
{
    "model": "tutorial.tutorial",
    "pk": 4,
    "fields": {
        "titulo": "Now accept machine commercial sea issue.",
        "contenido": "Inside benefit treatment soldier TV beat employee. Rather street sense interest maintain check. When research black while north card interest.",
        "fecha_Creacion": "1991-12-19T14:10:54",
        "visitas": 21526,
        "valoracion": "0.2",
        "usuario": 3
    }
},
{
    "model": "tutorial.tutorial",
    "pk": 5,
    "fields": {
        "titulo": "Full police it raise also.",
        "contenido": "Back whatever power white area base. Difficult fill onto can high.\nGovernment action statement place easy yet short. After no course anyone model.",
        "fecha_Creacion": "1986-02-16T10:57:46",
        "visitas": 28278,
        "valoracion": "0.6",
        "usuario": 11
    }
},
{
    "model": "tutorial.tutorial",
    "pk": 6,
    "fields": {
        "titulo": "Number property military poor rule city.",
        "contenido": "That save theory painting food under win. Reveal result continue cut foot get. Walk accept place sense agency friend find. I less sign outside history.",
        "fecha_Creacion": "1997-03-07T01:47:13",
        "visitas": 212,
        "valoracion": "0.1",
        "usuario": 5
    }
},
{
    "model": "tutorial.tutorial",
    "pk": 7,
    "fields": {
        "titulo": "Structure focus manager provide.",
        "contenido": "Opportunity say live time study study. Receive trip which very decision discussion.",
        "fecha_Creacion": "1987-04-04T15:29:06",
        "visitas": 14228,
        "valoracion": "0.1",
        "usuario": 11
    }
},
{
    "model": "tutorial.tutorial",
    "pk": 8,
    "fields": {
        "titulo": "Seven official race.",
        "contenido": "End west similar worker. Floor which note moment.\nDo others person. If report source American door eight discover.\nStay under theory wish.",
        "fecha_Creacion": "1999-03-05T09:45:01",
        "visitas": 29640,
        "valoracion": "0.9",
        "usuario": 9
    }
},
{
    "model": "tutorial.tutorial",
    "pk": 9,
    "fields": {
        "titulo": "Peace radio pattern forget may.",
        "contenido": "Full game four candidate cell parent above. Marriage clearly road personal. Central court political tax left.",
        "fecha_Creacion": "1997-07-03T09:10:01",
        "visitas": -4166,
        "valoracion": "0.1",
        "usuario": 13
    }
},
{
    "model": "tutorial.tutorial",
    "pk": 10,
    "fields": {
        "titulo": "Partner this play blue air or wind.",
        "contenido": "Receive second example resource successful. Scientist agreement where care. Someone available late fire improve southern.",
        "fecha_Creacion": "2015-12-27T23:25:10",
        "visitas": 10961,
        "valoracion": "0.7",
        "usuario": 15
    }
},
{
    "model": "tutorial.tutorial",
    "pk": 11,
    "fields": {
        "titulo": "Fire no option character every.",
        "contenido": "Office company interview itself off keep him memory. Alone appear bad soldier interview. Although home main not successful young.",
        "fecha_Creacion": "2010-05-01T21:40:36",
        "visitas": -23304,
        "valoracion": "0.6",
        "usuario": 13
    }
},
{
    "model": "tutorial.tutorial",
    "pk": 12,
    "fields": {
        "titulo": "Last follow conference surface voice ok.",
        "contenido": "School to suggest fly science general. Visit eat go current simply usually president.\nWhich anything firm nature point any read likely. Unit situation hair way either indeed house.",
        "fecha_Creacion": "1996-04-03T05:17:19",
        "visitas": 32301,
        "valoracion": "0.5",
        "usuario": 3
    }
},
{
    "model": "tutorial.tutorial",
    "pk": 13,
    "fields": {
        "titulo": "Trial perhaps owner specific.",
        "contenido": "They force off detail. Position worry attorney knowledge even break choice politics.\nThreat cost choice section recent long Mrs. Whole feeling heart then likely lot dog.",
        "fecha_Creacion": "1974-05-25T01:10:36",
        "visitas": 11138,
        "valoracion": "0.5",
        "usuario": 10
    }
},
{
    "model": "tutorial.tutorial",
    "pk": 14,
    "fields": {
        "titulo": "Ago indicate make.",
        "contenido": "Travel list conference soldier stage. Attack rate long ago despite find. Their sort moment life us.\nAhead accept better discuss short decision executive. Individual education she issue cell.",
        "fecha_Creacion": "1982-10-21T03:07:03",
        "visitas": 28982,
        "valoracion": "0.4",
        "usuario": 10
    }
},
{
    "model": "tutorial.tutorial",
    "pk": 15,
    "fields": {
        "titulo": "Speech top small lot maintain process challenge.",
        "contenido": "Together pass company surface table leader. Color partner cup like reality land.\nMarriage son face wrong call.",
        "fecha_Creacion": "1971-02-12T03:28:12",
        "visitas": -16155,
        "valoracion": "0.7",
        "usuario": 11
    }
},
{
    "model": "tutorial.categoria",
    "pk": 1,
    "fields": {
        "nombre": "Region company old mean best.",
        "es_activa": true,
        "popularidad": "0.6",
        "descripcion": "Send exist need fall. Line have again gas throw treatment. Believe indeed significant call career.\nAlso unit memory allow whose up let. Have identify charge.",
        "tutorial": 6
    }
},
{
    "model": "tutorial.categoria",
    "pk": 2,
    "fields": {
        "nombre": "Run because pressure hair carry nation.",
        "es_activa": true,
        "popularidad": "0.0",
        "descripcion": "Action environment voice low your music no. From clearly American think appear nation perhaps. Decision majority themselves good listen improve cell. Open career recent concern close.",
        "tutorial": 5
    }
},
{
    "model": "tutorial.categoria",
    "pk": 3,
    "fields": {
        "nombre": "Detail quality blue thus will.",
        "es_activa": false,
        "popularidad": "0.4",
        "descripcion": "Wide no pick any early. Scientist of bit third might. Section pay step control. Lot minute evidence Mr miss job candidate.",
        "tutorial": 15
    }
},
{
    "model": "tutorial.categoria",
    "pk": 4,
    "fields": {
        "nombre": "Enjoy understand under our usually force.",
        "es_activa": false,
        "popularidad": "0.2",
        "descripcion": "Store forget or treat doctor firm. Lawyer seem past step white. Whether partner soldier both.\nMaybe expert better commercial. Notice fly child. Color myself last simply design.",
        "tutorial": 12
    }
},
{
    "model": "tutorial.categoria",
    "pk": 5,
    "fields": {
        "nombre": "Authority spring art article reason me keep.",
        "es_activa": false,
        "popularidad": "0.4",
        "descripcion": "Get current around seven small. Budget young learn sometimes lead employee country.\nHospital spend measure similar low government officer. Can beyond task able pay yard.",
        "tutorial": 7
    }
},
{
    "model": "tutorial.categoria",
    "pk": 6,
    "fields": {
        "nombre": "Peace space sea indicate history medical.",
        "es_activa": true,
        "popularidad": "1.0",
        "descripcion": "Fact church central few night. Because close manage adult author.\nQuickly fact good four bit doctor care.\nLess hold know answer people side he water. Agree civil such although.",
        "tutorial": 15
    }
},
{
    "model": "tutorial.categoria",
    "pk": 7,
    "fields": {
        "nombre": "Grow hotel under leave reality forget clearly.",
        "es_activa": true,
        "popularidad": "0.1",
        "descripcion": "Tend wind anyone option lawyer left. Among camera cost food sing man. Too husband scene member later visit growth.\nHome yourself paper. Claim step billion significant bar sit mean.",
        "tutorial": 3
    }
},
{
    "model": "tutorial.categoria",
    "pk": 8,
    "fields": {
        "nombre": "Safe Mr something offer while grow recognize.",
        "es_activa": true,
        "popularidad": "0.3",
        "descripcion": "Whom experience long explain seven way. Successful difference camera.\nProvide high go great. Among author worker into surface. Sing north threat name cultural be drop.",
        "tutorial": 8
    }
},
{
    "model": "tutorial.categoria",
    "pk": 9,
    "fields": {
        "nombre": "Arrive surface ground nature.",
        "es_activa": false,
        "popularidad": "0.8",
        "descripcion": "Himself data everybody man. Hot serve according anyone sound across final.\nOfficial citizen small. Together must stay already for. Face receive owner.",
        "tutorial": 8
    }
},
{
    "model": "tutorial.categoria",
    "pk": 10,
    "fields": {
        "nombre": "Take it rate third. Site bank and.",
        "es_activa": false,
        "popularidad": "0.3",
        "descripcion": "Sell arm though country back perform career alone. Rest central push black college choice run. Every must nice. Onto feeling we TV audience tree owner.",
        "tutorial": 8
    }
},
{
    "model": "tutorial.categoria",
    "pk": 11,
    "fields": {
        "nombre": "Opportunity form friend stuff collection eight.",
        "es_activa": true,
        "popularidad": "0.3",
        "descripcion": "Part just quality only at indeed end. Follow put cold. Reason his pay business part respond.\nAgent natural court middle. Quality better though still two design.",
        "tutorial": 4
    }
},
{
    "model": "tutorial.categoria",
    "pk": 12,
    "fields": {
        "nombre": "Window them defense manage.",
        "es_activa": true,
        "popularidad": "0.4",
        "descripcion": "Son six certainly almost level commercial generation. Reflect attention wide strategy value whom fact. Write lead perform more sit hundred surface different.",
        "tutorial": 4
    }
},
{
    "model": "tutorial.categoria",
    "pk": 13,
    "fields": {
        "nombre": "Position focus plant today fast.",
        "es_activa": false,
        "popularidad": "0.4",
        "descripcion": "Fear week radio firm. Herself often along form them we. Player wind difference leg.\nGo position produce. Family recognize item professional newspaper.",
        "tutorial": 10
    }
},
{
    "model": "tutorial.categoria",
    "pk": 14,
    "fields": {
        "nombre": "Develop to participant attorney air very.",
        "es_activa": true,
        "popularidad": "0.5",
        "descripcion": "Room quickly heart fire buy effect guess town. Easy particularly reason laugh view realize exactly during.\nReduce sport continue lot focus image. Determine challenge away want never manager.",
        "tutorial": 11
    }
},
{
    "model": "tutorial.categoria",
    "pk": 15,
    "fields": {
        "nombre": "Us never whose quickly.",
        "es_activa": true,
        "popularidad": "0.3",
        "descripcion": "Improve policy turn edge. Sure form fly western box tend common. White white economy weight why.",
        "tutorial": 5
    }
},
{
    "model": "tutorial.subcategoria",
    "pk": 1,
    "fields": {
        "nombre": "Read new police itself.",
        "descripcion": "While soldier girl fish. News news partner various ahead they sure.\nExpert world pattern suffer just yourself. Owner spend realize least serious probably.",
        "fecha_Creacion": "1997-06-04T22:35:22",
        "activa": true,
        "categoria": 5
    }
},
{
    "model": "tutorial.subcategoria",
    "pk": 2,
    "fields": {
        "nombre": "Meeting center marriage loss four word political.",
        "descripcion": "Rate concern medical join foreign major. Least action that chair executive. Look have daughter blood four activity.\nSurface skin fine create. Pass simply modern method company detail must back.",
        "fecha_Creacion": "1989-03-20T05:34:39",
        "activa": true,
        "categoria": 2
    }
},
{
    "model": "tutorial.subcategoria",
    "pk": 3,
    "fields": {
        "nombre": "Morning good interesting reflect light.",
        "descripcion": "Both rather break national. Enjoy discuss sort bag no perform.\nForce authority speak practice. Authority memory bit become leave street less note.",
        "fecha_Creacion": "2015-10-29T04:58:15",
        "activa": true,
        "categoria": 2
    }
},
{
    "model": "tutorial.subcategoria",
    "pk": 4,
    "fields": {
        "nombre": "Today free direction blue.",
        "descripcion": "My anything half including carry later. On economic card town glass candidate.\nFeeling he like clearly. Government interesting civil edge system suggest.",
        "fecha_Creacion": "2012-04-06T21:57:26",
        "activa": false,
        "categoria": 6
    }
},
{
    "model": "tutorial.subcategoria",
    "pk": 5,
    "fields": {
        "nombre": "Six write scene in.",
        "descripcion": "Reduce easy good its.\nSchool air account dark message send. Result majority yet senior history. Rich let cause else difficult.\nAnyone others government degree way. Concern bar start forget best late.",
        "fecha_Creacion": "1981-05-13T10:40:04",
        "activa": true,
        "categoria": 15
    }
},
{
    "model": "tutorial.subcategoria",
    "pk": 6,
    "fields": {
        "nombre": "Color perhaps although modern with goal purpose.",
        "descripcion": "Capital water style meet paper. Task you let more writer prevent hour.\nComputer standard whole sometimes. Everybody arm nor fact serve. Right decide protect threat financial improve anyone.",
        "fecha_Creacion": "1995-06-07T14:12:14",
        "activa": true,
        "categoria": 14
    }
},
{
    "model": "tutorial.subcategoria",
    "pk": 7,
    "fields": {
        "nombre": "Rate similar professional wonder treat.",
        "descripcion": "Fall senior eight light collection never. Able cost once point father agree.",
        "fecha_Creacion": "1991-12-05T18:52:09",
        "activa": true,
        "categoria": 4
    }
},
{
    "model": "tutorial.subcategoria",
    "pk": 8,
    "fields": {
        "nombre": "Fine carry hundred could American ahead.",
        "descripcion": "Meet material single. Event or approach space send.\nTo by artist professional. Three here that.",
        "fecha_Creacion": "2010-09-26T18:14:12",
        "activa": false,
        "categoria": 12
    }
},
{
    "model": "tutorial.subcategoria",
    "pk": 9,
    "fields": {
        "nombre": "Right who activity risk road.",
        "descripcion": "Will yes perhaps kind. Interest important season inside course action treat.\nArea front other similar practice scene nice early. About year blood book rate.\nCountry watch wall hear develop forget.",
        "fecha_Creacion": "2023-05-18T14:25:30",
        "activa": false,
        "categoria": 8
    }
},
{
    "model": "tutorial.subcategoria",
    "pk": 10,
    "fields": {
        "nombre": "Ten party PM stand mention as some mention.",
        "descripcion": "Floor attorney stay age sister statement amount. Agree we church audience against place. Cost agreement they receive phone send tree. Half suddenly marriage practice time happen address security.",
        "fecha_Creacion": "1988-02-28T15:32:44",
        "activa": true,
        "categoria": 12
    }
},
{
    "model": "tutorial.subcategoria",
    "pk": 11,
    "fields": {
        "nombre": "Discover ready subject over amount.",
        "descripcion": "Save last per wait specific hundred. Investment fact rock receive ago. Financial worry could conference.",
        "fecha_Creacion": "2002-06-21T09:14:41",
        "activa": true,
        "categoria": 14
    }
},
{
    "model": "tutorial.subcategoria",
    "pk": 12,
    "fields": {
        "nombre": "Ok mean machine over lot.",
        "descripcion": "Pull president condition from risk small. Late political scene others family simple.\nTeacher long enough charge. Improve stay raise everybody letter term early.",
        "fecha_Creacion": "1990-10-12T11:59:54",
        "activa": true,
        "categoria": 4
    }
},
{
    "model": "tutorial.subcategoria",
    "pk": 13,
    "fields": {
        "nombre": "Above such interesting sometimes grow clearly.",
        "descripcion": "Even keep entire history. So whatever report size million. Career many safe admit almost plan.",
        "fecha_Creacion": "1981-02-20T16:28:51",
        "activa": false,
        "categoria": 12
    }
},
{
    "model": "tutorial.subcategoria",
    "pk": 14,
    "fields": {
        "nombre": "Public develop general heart many month.",
        "descripcion": "Finish price approach chance American. Concern amount standard simply everyone about. One court this sense.\nTelevision tree tend physical green study. Large street idea machine operation role travel.",
        "fecha_Creacion": "2020-07-02T18:08:52",
        "activa": false,
        "categoria": 6
    }
},
{
    "model": "tutorial.subcategoria",
    "pk": 15,
    "fields": {
        "nombre": "Century bag particularly traditional.",
        "descripcion": "Baby summer lot. Position save bill network.\nCommon without dog one. Throw more what more finish color west loss. Discuss mean second try action of.",
        "fecha_Creacion": "1991-08-04T01:34:36",
        "activa": false,
        "categoria": 15
    }
},
{
    "model": "tutorial.etiqueta",
    "pk": 1,
    "fields": {
        "nombre": "Force level service letter officer early.",
        "color": "Executive kid color law exactly.",
        "publica": false,
        "descripcion": "Change claim actually send white end. Surface since college. Hit these film southern charge.\nOutside ahead focus while. Institution tell onto someone foot."
    }
},
{
    "model": "tutorial.etiqueta",
    "pk": 2,
    "fields": {
        "nombre": "Serious player floor rise movement.",
        "color": "Everything public hour in.",
        "publica": true,
        "descripcion": "Manage walk range after laugh participant break red. Book outside spring cup theory ask perhaps. American issue fire send parent.\nAgainst beyond audience site. Their recently usually election."
    }
},
{
    "model": "tutorial.etiqueta",
    "pk": 3,
    "fields": {
        "nombre": "Where pattern red chance member.",
        "color": "Store represent group head option.",
        "publica": true,
        "descripcion": "Goal could manage arrive spring. Positive or you recent company. Back ready nearly drop range."
    }
},
{
    "model": "tutorial.etiqueta",
    "pk": 4,
    "fields": {
        "nombre": "American crime occur someone computer next term.",
        "color": "Them fill upon writer center yourself however.",
        "publica": false,
        "descripcion": "Move partner opportunity center image resource. Once card single when. Serve sense these return collection.\nEspecially sense though single talk series. Watch notice available lawyer."
    }
},
{
    "model": "tutorial.etiqueta",
    "pk": 5,
    "fields": {
        "nombre": "View many budget sense little.",
        "color": "Health fly late happen live list.",
        "publica": true,
        "descripcion": "White school nation someone law not system collection. Forget lawyer our study run him church. Poor mind keep none time like draw."
    }
},
{
    "model": "tutorial.etiqueta",
    "pk": 6,
    "fields": {
        "nombre": "Process them professor media admit.",
        "color": "Month share employee follow degree group.",
        "publica": false,
        "descripcion": "Seem anything lawyer center stuff. Condition arm talk card compare born raise."
    }
},
{
    "model": "tutorial.etiqueta",
    "pk": 7,
    "fields": {
        "nombre": "Cause camera side occur occur same.",
        "color": "Than group summer term all home deal.",
        "publica": true,
        "descripcion": "Majority big each minute allow. Develop executive walk why.\nEnvironmental land image hair. Film scientist hear source couple. Mrs force peace direction would population."
    }
},
{
    "model": "tutorial.etiqueta",
    "pk": 8,
    "fields": {
        "nombre": "Guess various tough personal.",
        "color": "Only art teach direction.",
        "publica": true,
        "descripcion": "Whatever fish six wind reveal pass. Security professor threat notice chair imagine seek head. Positive that financial reach case center particular."
    }
},
{
    "model": "tutorial.etiqueta",
    "pk": 9,
    "fields": {
        "nombre": "Own large response example only right.",
        "color": "All after fill. Way use claim necessary.",
        "publica": false,
        "descripcion": "Cultural along still magazine him history player. Collection today young how. Order standard up drug can particular thing.\nDecide issue skill enough evening. Century control focus."
    }
},
{
    "model": "tutorial.etiqueta",
    "pk": 10,
    "fields": {
        "nombre": "Part indicate world weight name such while.",
        "color": "By office response adult.",
        "publica": false,
        "descripcion": "Middle serious American market believe democratic what. Them clear few where past executive now matter. Simple show management. Fish wonder will religious class upon visit."
    }
},
{
    "model": "tutorial.etiqueta",
    "pk": 11,
    "fields": {
        "nombre": "Discuss response expert while source.",
        "color": "Carry clear camera education heart window away.",
        "publica": false,
        "descripcion": "Education against mission government why clearly manage lawyer. Eye term born about organization bag. Fear night improve help his require actually."
    }
},
{
    "model": "tutorial.etiqueta",
    "pk": 12,
    "fields": {
        "nombre": "Short race culture cause guy eight benefit.",
        "color": "Evening able million cultural.",
        "publica": false,
        "descripcion": "Water upon skin provide less. Bad buy American. Camera work ask what drug.\nFace rock there success explain partner. Just research site these. Guess left wait dinner TV job current."
    }
},
{
    "model": "tutorial.etiqueta",
    "pk": 13,
    "fields": {
        "nombre": "Paper significant stuff.",
        "color": "Protect scientist doctor.",
        "publica": true,
        "descripcion": "Statement reach leader type per popular together prove. Now such section hear. Season movie high paper worker him close."
    }
},
{
    "model": "tutorial.etiqueta",
    "pk": 14,
    "fields": {
        "nombre": "Several newspaper summer course possible couple.",
        "color": "Major we ten bag cut care arm.",
        "publica": true,
        "descripcion": "Foot southern matter seem person. Science crime out season action hair strategy. Board technology challenge rock boy edge occur."
    }
},
{
    "model": "tutorial.etiqueta",
    "pk": 15,
    "fields": {
        "nombre": "Raise dark loss everyone nation magazine.",
        "color": "Establish could voice any.",
        "publica": false,
        "descripcion": "Personal memory sign boy early seven. Into organization style spring. Response miss table situation. Just song increase real present most.\nItem sing image sense. Option clear speak law easy."
    }
},
{
    "model": "tutorial.favorito",
    "pk": 1,
    "fields": {
        "fecha_Guardado": "1996-12-11T09:08:53",
        "comentario_Destacado": "Specific believe add cell carry. Fill picture protect.\nVarious I avoid fast debate must. Young a season among paper born. Animal hand officer story history.",
        "importancia": "0.4",
        "notificacion": false,
        "tutorial": 15
    }
},
{
    "model": "tutorial.favorito",
    "pk": 2,
    "fields": {
        "fecha_Guardado": "1983-04-09T05:15:04",
        "comentario_Destacado": "Mother result hit decision.\nBuilding dark international same. None surface entire wait able but finally.\nDrive little born education. Consider apply security north.",
        "importancia": "0.3",
        "notificacion": true,
        "tutorial": 9
    }
},
{
    "model": "tutorial.favorito",
    "pk": 3,
    "fields": {
        "fecha_Guardado": "2013-06-13T01:55:53",
        "comentario_Destacado": "Eight draw theory major note word can. Right particularly do.\nBill camera city cover. Movie off we police form simply.\nRead draw writer.",
        "importancia": "0.4",
        "notificacion": true,
        "tutorial": 11
    }
},
{
    "model": "tutorial.favorito",
    "pk": 4,
    "fields": {
        "fecha_Guardado": "1987-01-14T03:31:01",
        "comentario_Destacado": "Fly share positive voice computer account. Act alone certain. Before occur watch common professor add.\nRoom arrive between state. Now early bank prevent surface language citizen.",
        "importancia": "0.6",
        "notificacion": true,
        "tutorial": 10
    }
},
{
    "model": "tutorial.favorito",
    "pk": 5,
    "fields": {
        "fecha_Guardado": "2023-10-24T02:49:58",
        "comentario_Destacado": "Amount president summer. Subject ground at work hotel machine since vote. Product not would sign student dog rest.\nSon yard network ever degree investment. Work air break voice through star add live.",
        "importancia": "0.7",
        "notificacion": false,
        "tutorial": 4
    }
},
{
    "model": "tutorial.favorito",
    "pk": 6,
    "fields": {
        "fecha_Guardado": "1980-02-23T02:53:07",
        "comentario_Destacado": "Color send big magazine appear increase defense. Reflect letter bit agency. Miss authority cold town something similar mention research.",
        "importancia": "0.6",
        "notificacion": false,
        "tutorial": 7
    }
},
{
    "model": "tutorial.favorito",
    "pk": 7,
    "fields": {
        "fecha_Guardado": "1977-09-21T03:45:14",
        "comentario_Destacado": "Huge they approach democratic on. Including new authority carry himself ability PM effect. Collection around fly professional partner product buy.",
        "importancia": "0.5",
        "notificacion": true,
        "tutorial": 7
    }
},
{
    "model": "tutorial.favorito",
    "pk": 8,
    "fields": {
        "fecha_Guardado": "2001-09-09T16:56:35",
        "comentario_Destacado": "Tax design individual century. Over follow rather senior. System ten fund employee think position. Than garden debate certainly lawyer where its.\nRemember know fast offer. Without own sort.",
        "importancia": "0.6",
        "notificacion": false,
        "tutorial": 5
    }
},
{
    "model": "tutorial.favorito",
    "pk": 9,
    "fields": {
        "fecha_Guardado": "1974-07-12T08:33:54",
        "comentario_Destacado": "Yeah poor attack build person with everyone break. So require north southern product poor degree.",
        "importancia": "0.2",
        "notificacion": true,
        "tutorial": 1
    }
},
{
    "model": "tutorial.favorito",
    "pk": 10,
    "fields": {
        "fecha_Guardado": "2019-07-23T02:24:57",
        "comentario_Destacado": "Mention important difference discover major certainly. Hundred he start listen live away occur his. When respond bring understand term across program.",
        "importancia": "0.4",
        "notificacion": false,
        "tutorial": 15
    }
},
{
    "model": "tutorial.favorito",
    "pk": 11,
    "fields": {
        "fecha_Guardado": "2015-05-06T04:28:22",
        "comentario_Destacado": "Character affect task bank again which. Blue art think fact realize far. Rest big up.\nPoint knowledge war home single these adult. Election television central apply nature would.",
        "importancia": "0.4",
        "notificacion": true,
        "tutorial": 11
    }
},
{
    "model": "tutorial.favorito",
    "pk": 12,
    "fields": {
        "fecha_Guardado": "2007-11-28T02:07:16",
        "comentario_Destacado": "Strong under too very move action you. Reflect world evidence full most west.\nSister medical machine. Miss meet sell financial wind.",
        "importancia": "0.7",
        "notificacion": true,
        "tutorial": 7
    }
},
{
    "model": "tutorial.favorito",
    "pk": 13,
    "fields": {
        "fecha_Guardado": "1971-10-15T00:14:28",
        "comentario_Destacado": "Cost language car value. Sport show economy wrong. Performance show left five.\nBest focus can response improve.\nDifference identify billion meeting job them. Many arm life.",
        "importancia": "0.1",
        "notificacion": true,
        "tutorial": 11
    }
},
{
    "model": "tutorial.favorito",
    "pk": 14,
    "fields": {
        "fecha_Guardado": "2004-03-03T00:59:09",
        "comentario_Destacado": "Leader wait second spring western activity. And western practice house.\nBoard cut present same turn. Become century seven point. Thing same we behind PM.",
        "importancia": "0.7",
        "notificacion": true,
        "tutorial": 3
    }
},
{
    "model": "tutorial.favorito",
    "pk": 15,
    "fields": {
        "fecha_Guardado": "1986-05-25T00:41:24",
        "comentario_Destacado": "Start production green pretty. Over opportunity skill group couple full.\nLarge interview direction thing fact sign. Soon spend science control. Arrive nearly around field teach brother bill.",
        "importancia": "0.5",
        "notificacion": true,
        "tutorial": 1
    }
},
{
    "model": "tutorial.curso",
    "pk": 1,
    "fields": {
        "nombre": "College wrong teacher far.",
        "descripcion": "Glass nearly cold loss within likely year daughter. Music federal team management deep deep ago.\nHalf ball turn. Another together so. Necessary walk play success.",
        "horas": -29739,
        "precio": "0.10",
        "tutorial": 8,
        "usuario": [
            6
        ]
    }
},
{
    "model": "tutorial.curso",
    "pk": 2,
    "fields": {
        "nombre": "Help ever least movement time spring product.",
        "descripcion": "Quality up be true simple. Yeah end chance firm truth.\nSomething color sit including charge card. Air event start.\nFree brother analysis their.",
        "horas": 1207,
        "precio": "0.50",
        "tutorial": 2,
        "usuario": [
            5,
            12
        ]
    }
},
{
    "model": "tutorial.curso",
    "pk": 3,
    "fields": {
        "nombre": "Car dream country program far together.",
        "descripcion": "At he analysis us again girl. Where behind tonight billion attorney successful real. Wish manager tree eat medical management current.\nPage everyone as pick. Something month care.",
        "horas": -12178,
        "precio": "0.05",
        "tutorial": 3,
        "usuario": [
            10,
            11
        ]
    }
},
{
    "model": "tutorial.curso",
    "pk": 4,
    "fields": {
        "nombre": "Source physical conference activity area.",
        "descripcion": "Sort wind notice dark shake. Piece seek growth hot. May glass investment single bring.\nCold personal ability rise. Run tree year might behavior impact instead. South each despite approach.",
        "horas": 863,
        "precio": "0.65",
        "tutorial": 2,
        "usuario": [
            2
        ]
    }
},
{
    "model": "tutorial.curso",
    "pk": 5,
    "fields": {
        "nombre": "Knowledge crime we director say time.",
        "descripcion": "Message right day blood. Little left finally hour meet. Section player everyone employee cultural provide crime energy.",
        "horas": 4769,
        "precio": "0.98",
        "tutorial": 7,
        "usuario": [
            14,
            15
        ]
    }
},
{
    "model": "tutorial.curso",
    "pk": 6,
    "fields": {
        "nombre": "Heart green during want ahead than give.",
        "descripcion": "Green here then president discussion even.\nLaugh evening leave nature head wrong. Vote give form. Know garden purpose card dog course.",
        "horas": 22518,
        "precio": "0.55",
        "tutorial": 14,
        "usuario": [
            8,
            12
        ]
    }
},
{
    "model": "tutorial.curso",
    "pk": 7,
    "fields": {
        "nombre": "Happen up almost mention.",
        "descripcion": "Put south fish wall rock opportunity only. Already prove program act.\nRecord occur media choice five treat where. Score agree floor fund them.",
        "horas": -13750,
        "precio": "0.42",
        "tutorial": 12,
        "usuario": [
            5,
            13,
            14,
            15
        ]
    }
},
{
    "model": "tutorial.curso",
    "pk": 8,
    "fields": {
        "nombre": "Lay trouble rest here window determine.",
        "descripcion": "Draw economic mother language rest. Step happen believe nice yes each cause city. Color wonder somebody field much truth fire place.",
        "horas": 26028,
        "precio": "0.70",
        "tutorial": 1,
        "usuario": [
            3,
            9,
            13,
            14
        ]
    }
},
{
    "model": "tutorial.curso",
    "pk": 9,
    "fields": {
        "nombre": "Here become husband bill civil.",
        "descripcion": "South writer sometimes bar painting exist position. Million another bar carry gas enjoy than wonder. President trip a easy teacher relationship maybe evening.",
        "horas": 17101,
        "precio": "0.53",
        "tutorial": 5,
        "usuario": [
            5
        ]
    }
},
{
    "model": "tutorial.curso",
    "pk": 10,
    "fields": {
        "nombre": "Course central evening word role argue.",
        "descripcion": "Food plant or stuff. Bag late big.\nAmount activity city building expert nearly base. Instead third staff medical art left.",
        "horas": 15504,
        "precio": "0.29",
        "tutorial": 12,
        "usuario": [
            10
        ]
    }
},
{
    "model": "tutorial.curso",
    "pk": 11,
    "fields": {
        "nombre": "Debate factor PM international.",
        "descripcion": "Cost have how language doctor. Effort board conference attention. Report hit mean daughter.\nMy toward again list high while. Anything amount because kind.",
        "horas": 8766,
        "precio": "0.69",
        "tutorial": 3,
        "usuario": [
            11
        ]
    }
},
{
    "model": "tutorial.curso",
    "pk": 12,
    "fields": {
        "nombre": "Entire exactly success rich between who training.",
        "descripcion": "Black other summer drive toward beat citizen report.\nOpen practice these data response moment structure. Consumer speech ready article pay order light.",
        "horas": -29893,
        "precio": "0.48",
        "tutorial": 11,
        "usuario": [
            3,
            5,
            6,
            7
        ]
    }
},
{
    "model": "tutorial.curso",
    "pk": 13,
    "fields": {
        "nombre": "Young gas operation lead professional fast.",
        "descripcion": "Entire relate card property value challenge. Right also control deal herself. Main receive tend campaign fear so western.\nFriend home thought action. Foot able get prevent. Middle drug hit here.",
        "horas": 3698,
        "precio": "0.75",
        "tutorial": 8,
        "usuario": [
            2,
            7,
            12
        ]
    }
},
{
    "model": "tutorial.curso",
    "pk": 14,
    "fields": {
        "nombre": "Want address this team move their friend.",
        "descripcion": "Treat blood remain heavy. Letter you understand value sometimes.\nEffort news today article herself power prepare. Action north note today also his when.",
        "horas": 24358,
        "precio": "0.63",
        "tutorial": 2,
        "usuario": [
            2,
            8,
            11,
            14
        ]
    }
},
{
    "model": "tutorial.curso",
    "pk": 15,
    "fields": {
        "nombre": "Enter certain both whatever may decide.",
        "descripcion": "Result future finally hard. Head spend forget whose.\nCitizen data dog full accept affect. Determine one our specific have behavior war. Price force forget kitchen news phone.",
        "horas": -9732,
        "precio": "0.76",
        "tutorial": 3,
        "usuario": [
            12,
            14,
            15
        ]
    }
},
{
    "model": "tutorial.certificado",
    "pk": 1,
    "fields": {
        "fecha_emision": "2022-10-24",
        "codigo_verificacion": "Court fact rock whose need he thousand.",
        "nivel": 11076,
        "url_descarga": "Deep employee write huge agree.",
        "curso": 8,
        "usuario": 4
    }
},
{
    "model": "tutorial.certificado",
    "pk": 2,
    "fields": {
        "fecha_emision": "1995-05-21",
        "codigo_verificacion": "Strong charge interesting leg education.",
        "nivel": -32713,
        "url_descarga": "Far board development side attention.",
        "curso": 6,
        "usuario": 11
    }
},
{
    "model": "tutorial.certificado",
    "pk": 3,
    "fields": {
        "fecha_emision": "2003-06-11",
        "codigo_verificacion": "Art TV shoulder serve understand table.",
        "nivel": -14233,
        "url_descarga": "Machine know include audience.",
        "curso": 11,
        "usuario": 3
    }
},
{
    "model": "tutorial.certificado",
    "pk": 4,
    "fields": {
        "fecha_emision": "2021-08-25",
        "codigo_verificacion": "Really lawyer truth image same apply here.",
        "nivel": 25941,
        "url_descarga": "Add read glass. Population up want charge rest.",
        "curso": 13,
        "usuario": 7
    }
},
{
    "model": "tutorial.certificado",
    "pk": 5,
    "fields": {
        "fecha_emision": "1977-06-21",
        "codigo_verificacion": "Must foreign reality once claim produce.",
        "nivel": 16741,
        "url_descarga": "Mind bar technology stage role security lawyer.",
        "curso": 5,
        "usuario": 6
    }
},
{
    "model": "tutorial.certificado",
    "pk": 6,
    "fields": {
        "fecha_emision": "1990-08-19",
        "codigo_verificacion": "Artist series next various outside wait.",
        "nivel": 4964,
        "url_descarga": "Respond it tend and Congress.",
        "curso": 14,
        "usuario": 9
    }
},
{
    "model": "tutorial.certificado",
    "pk": 7,
    "fields": {
        "fecha_emision": "2010-06-01",
        "codigo_verificacion": "Ground leave buy. Door series mission usually.",
        "nivel": 26270,
        "url_descarga": "Audience statement there medical rest relate.",
        "curso": 7,
        "usuario": 10
    }
},
{
    "model": "tutorial.certificado",
    "pk": 8,
    "fields": {
        "fecha_emision": "2022-05-28",
        "codigo_verificacion": "Coach start set issue.",
        "nivel": -25591,
        "url_descarga": "Form race charge explain enter resource you.",
        "curso": 15,
        "usuario": 8
    }
},
{
    "model": "tutorial.certificado",
    "pk": 9,
    "fields": {
        "fecha_emision": "1994-03-27",
        "codigo_verificacion": "Low game most pick mention allow paper.",
        "nivel": -9188,
        "url_descarga": "Name or voice. Method far many east.",
        "curso": 9,
        "usuario": 12
    }
},
{
    "model": "tutorial.certificado",
    "pk": 10,
    "fields": {
        "fecha_emision": "1977-03-03",
        "codigo_verificacion": "First avoid without mouth. Station fear artist.",
        "nivel": 26718,
        "url_descarga": "Her suddenly relate protect executive run four.",
        "curso": 4,
        "usuario": 14
    }
},
{
    "model": "tutorial.certificado",
    "pk": 11,
    "fields": {
        "fecha_emision": "2011-07-26",
        "codigo_verificacion": "Computer throw ok situation. Health nice teach.",
        "nivel": 30143,
        "url_descarga": "Out decade something smile.",
        "curso": 3,
        "usuario": 2
    }
},
{
    "model": "tutorial.certificado",
    "pk": 12,
    "fields": {
        "fecha_emision": "1972-11-12",
        "codigo_verificacion": "Medical today want audience.",
        "nivel": -19350,
        "url_descarga": "Another science nation about.",
        "curso": 2,
        "usuario": 13
    }
},
{
    "model": "tutorial.certificado",
    "pk": 13,
    "fields": {
        "fecha_emision": "1980-07-05",
        "codigo_verificacion": "Investment thus guy really section feeling.",
        "nivel": -26293,
        "url_descarga": "Put cultural rather suggest economic bring rest.",
        "curso": 10,
        "usuario": 1
    }
},
{
    "model": "tutorial.certificado",
    "pk": 14,
    "fields": {
        "fecha_emision": "2011-05-14",
        "codigo_verificacion": "Idea require at chair sure.",
        "nivel": -30210,
        "url_descarga": "As vote second evening prove forward final.",
        "curso": 1,
        "usuario": 5
    }
},
{
    "model": "tutorial.certificado",
    "pk": 15,
    "fields": {
        "fecha_emision": "2018-04-14",
        "codigo_verificacion": "Approach car crime analysis future middle.",
        "nivel": -15838,
        "url_descarga": "Thank affect recognize will computer.",
        "curso": 12,
        "usuario": 15
    }
},
{
    "model": "tutorial.comentario",
    "pk": 1,
    "fields": {
        "contenido": "Reality past you south. Report human seem poor who computer party. Record author hit now against either season film.\nGround the yes situation often. Give about service group say reach.",
        "fecha": "2006-06-29T17:58:47",
        "visible": true,
        "puntuacion": "0.1",
        "usuario": 11
    }
},
{
    "model": "tutorial.comentario",
    "pk": 2,
    "fields": {
        "contenido": "Hope minute close listen model fine. Write meet democratic able we hard. Police black student ago note effect.\nData its run effect. Once general why other reality car amount.",
        "fecha": "2011-05-02T20:54:48",
        "visible": false,
        "puntuacion": "0.4",
        "usuario": 12
    }
},
{
    "model": "tutorial.comentario",
    "pk": 3,
    "fields": {
        "contenido": "Cold relate field teach seat here. Friend body air reality bit must.\nThought order education. Near attack group system usually best special which. Story building relate same mouth.",
        "fecha": "1978-05-07T02:10:22",
        "visible": true,
        "puntuacion": "0.6",
        "usuario": 7
    }
},
{
    "model": "tutorial.comentario",
    "pk": 4,
    "fields": {
        "contenido": "Option picture go stock degree leave possible. Break series consumer. Share him dog officer whose.\nGeneral laugh today film. Magazine leg growth what.\nType dog explain know spend.",
        "fecha": "2004-08-21T21:20:18",
        "visible": true,
        "puntuacion": "0.6",
        "usuario": 13
    }
},
{
    "model": "tutorial.comentario",
    "pk": 5,
    "fields": {
        "contenido": "Ten include change. Very still low final class take.\nAbove teach win. Thus possible fish grow body foot other. Inside within foot operation believe.",
        "fecha": "2007-09-01T21:16:41",
        "visible": true,
        "puntuacion": "0.1",
        "usuario": 7
    }
},
{
    "model": "tutorial.comentario",
    "pk": 6,
    "fields": {
        "contenido": "Sea in last rather important represent place. Set Republican course budget.",
        "fecha": "1976-07-25T23:06:58",
        "visible": false,
        "puntuacion": "0.9",
        "usuario": 13
    }
},
{
    "model": "tutorial.comentario",
    "pk": 7,
    "fields": {
        "contenido": "Meet democratic change image remain defense nature. Gun hand though family sport remain bank tree.",
        "fecha": "2018-11-16T07:10:40",
        "visible": false,
        "puntuacion": "0.4",
        "usuario": 3
    }
},
{
    "model": "tutorial.comentario",
    "pk": 8,
    "fields": {
        "contenido": "Far role its get. List main son area front. Message case these matter summer. Either specific some fire participant first.\nFeeling recognize receive trip director fill institution. Shake our feeling.",
        "fecha": "1976-01-20T13:13:15",
        "visible": true,
        "puntuacion": "0.2",
        "usuario": 11
    }
},
{
    "model": "tutorial.comentario",
    "pk": 9,
    "fields": {
        "contenido": "Leg together born series model parent language. Concern week city whom.\nForm bank final risk hour.\nCamera already trip under maintain. Resource share past why consumer.",
        "fecha": "1995-06-09T16:18:47",
        "visible": false,
        "puntuacion": "0.7",
        "usuario": 12
    }
},
{
    "model": "tutorial.comentario",
    "pk": 10,
    "fields": {
        "contenido": "Share receive note finally news drug section listen. Girl seat decide right than most. Show create watch street probably view foreign.",
        "fecha": "1998-04-07T11:47:14",
        "visible": true,
        "puntuacion": "0.5",
        "usuario": 4
    }
},
{
    "model": "tutorial.comentario",
    "pk": 11,
    "fields": {
        "contenido": "Sound add easy.\nWho wife writer soon likely activity. Big ability culture often defense side require. Cell simply old maintain.",
        "fecha": "1970-01-21T02:36:14",
        "visible": false,
        "puntuacion": "0.0",
        "usuario": 10
    }
},
{
    "model": "tutorial.comentario",
    "pk": 12,
    "fields": {
        "contenido": "Mind maybe pass. Article allow day something work.\nAny guy wide catch talk. Certain news very executive respond from. Sport year mind reality huge media decision.",
        "fecha": "1997-09-27T01:07:34",
        "visible": false,
        "puntuacion": "1.0",
        "usuario": 10
    }
},
{
    "model": "tutorial.comentario",
    "pk": 13,
    "fields": {
        "contenido": "Do experience group herself herself. Me only case light. Article four art back.\nDemocratic significant these instead policy consumer cost both. May throughout not allow management big black note.",
        "fecha": "2002-11-11T22:45:49",
        "visible": true,
        "puntuacion": "0.2",
        "usuario": 11
    }
},
{
    "model": "tutorial.comentario",
    "pk": 14,
    "fields": {
        "contenido": "Evidence energy knowledge miss firm of. Of force major development miss body allow. Name understand home building people action.",
        "fecha": "1980-10-24T10:41:15",
        "visible": false,
        "puntuacion": "0.0",
        "usuario": 6
    }
},
{
    "model": "tutorial.comentario",
    "pk": 15,
    "fields": {
        "contenido": "Break simple whom.\nTell only box describe success surface could involve. Name left kind record. Century which whose lot.\nCustomer mouth girl care this modern. Administration perform station.",
        "fecha": "2006-06-17T18:39:55",
        "visible": false,
        "puntuacion": "0.4",
        "usuario": 14
    }
},
{
    "model": "tutorial.etiqueta_tutorial",
    "pk": 1,
    "fields": {
        "id_etiqueta": 1,
        "id_tutorial": 10
    }
},
{
    "model": "tutorial.etiqueta_tutorial",
    "pk": 2,
    "fields": {
        "id_etiqueta": 1,
        "id_tutorial": 12
    }
},
{
    "model": "tutorial.etiqueta_tutorial",
    "pk": 3,
    "fields": {
        "id_etiqueta": 1,
        "id_tutorial": 15
    }
},
{
    "model": "tutorial.etiqueta_tutorial",
    "pk": 4,
    "fields": {
        "id_etiqueta": 2,
        "id_tutorial": 12
    }
},
{
    "model": "tutorial.etiqueta_tutorial",
    "pk": 5,
    "fields": {
        "id_etiqueta": 3,
        "id_tutorial": 15
    }
},
{
    "model": "tutorial.etiqueta_tutorial",
    "pk": 6,
    "fields": {
        "id_etiqueta": 3,
        "id_tutorial": 3
    }
},
{
    "model": "tutorial.etiqueta_tutorial",
    "pk": 7,
    "fields": {
        "id_etiqueta": 4,
        "id_tutorial": 3
    }
},
{
    "model": "tutorial.etiqueta_tutorial",
    "pk": 8,
    "fields": {
        "id_etiqueta": 4,
        "id_tutorial": 12
    }
},
{
    "model": "tutorial.etiqueta_tutorial",
    "pk": 9,
    "fields": {
        "id_etiqueta": 5,
        "id_tutorial": 1
    }
},
{
    "model": "tutorial.etiqueta_tutorial",
    "pk": 10,
    "fields": {
        "id_etiqueta": 6,
        "id_tutorial": 13
    }
},
{
    "model": "tutorial.etiqueta_tutorial",
    "pk": 11,
    "fields": {
        "id_etiqueta": 6,
        "id_tutorial": 11
    }
},
{
    "model": "tutorial.etiqueta_tutorial",
    "pk": 12,
    "fields": {
        "id_etiqueta": 7,
        "id_tutorial": 2
    }
},
{
    "model": "tutorial.etiqueta_tutorial",
    "pk": 13,
    "fields": {
        "id_etiqueta": 7,
        "id_tutorial": 14
    }
},
{
    "model": "tutorial.etiqueta_tutorial",
    "pk": 14,
    "fields": {
        "id_etiqueta": 7,
        "id_tutorial": 3
    }
},
{
    "model": "tutorial.etiqueta_tutorial",
    "pk": 15,
    "fields": {
        "id_etiqueta": 7,
        "id_tutorial": 11
    }
},
{
    "model": "tutorial.etiqueta_tutorial",
    "pk": 16,
    "fields": {
        "id_etiqueta": 8,
        "id_tutorial": 2
    }
},
{
    "model": "tutorial.etiqueta_tutorial",
    "pk": 17,
    "fields": {
        "id_etiqueta": 9,
        "id_tutorial": 13
    }
},
{
    "model": "tutorial.etiqueta_tutorial",
    "pk": 18,
    "fields": {
        "id_etiqueta": 9,
        "id_tutorial": 1
    }
},
{
    "model": "tutorial.etiqueta_tutorial",
    "pk": 19,
    "fields": {
        "id_etiqueta": 10,
        "id_tutorial": 13
    }
},
{
    "model": "tutorial.etiqueta_tutorial",
    "pk": 20,
    "fields": {
        "id_etiqueta": 11,
        "id_tutorial": 11
    }
},
{
    "model": "tutorial.etiqueta_tutorial",
    "pk": 21,
    "fields": {
        "id_etiqueta": 11,
        "id_tutorial": 1
    }
},
{
    "model": "tutorial.etiqueta_tutorial",
    "pk": 22,
    "fields": {
        "id_etiqueta": 11,
        "id_tutorial": 14
    }
},
{
    "model": "tutorial.etiqueta_tutorial",
    "pk": 23,
    "fields": {
        "id_etiqueta": 11,
        "id_tutorial": 12
    }
},
{
    "model": "tutorial.etiqueta_tutorial",
    "pk": 24,
    "fields": {
        "id_etiqueta": 12,
        "id_tutorial": 1
    }
},
{
    "model": "tutorial.etiqueta_tutorial",
    "pk": 25,
    "fields": {
        "id_etiqueta": 12,
        "id_tutorial": 3
    }
},
{
    "model": "tutorial.etiqueta_tutorial",
    "pk": 26,
    "fields": {
        "id_etiqueta": 12,
        "id_tutorial": 12
    }
},
{
    "model": "tutorial.etiqueta_tutorial",
    "pk": 27,
    "fields": {
        "id_etiqueta": 13,
        "id_tutorial": 5
    }
},
{
    "model": "tutorial.etiqueta_tutorial",
    "pk": 28,
    "fields": {
        "id_etiqueta": 13,
        "id_tutorial": 13
    }
},
{
    "model": "tutorial.etiqueta_tutorial",
    "pk": 29,
    "fields": {
        "id_etiqueta": 13,
        "id_tutorial": 3
    }
},
{
    "model": "tutorial.etiqueta_tutorial",
    "pk": 30,
    "fields": {
        "id_etiqueta": 14,
        "id_tutorial": 2
    }
},
{
    "model": "tutorial.etiqueta_tutorial",
    "pk": 31,
    "fields": {
        "id_etiqueta": 14,
        "id_tutorial": 5
    }
},
{
    "model": "tutorial.etiqueta_tutorial",
    "pk": 32,
    "fields": {
        "id_etiqueta": 15,
        "id_tutorial": 4
    }
},
{
    "model": "tutorial.etiqueta_tutorial",
    "pk": 33,
    "fields": {
        "id_etiqueta": 15,
        "id_tutorial": 7
    }
},
{
    "model": "tutorial.etiqueta_tutorial",
    "pk": 34,
    "fields": {
        "id_etiqueta": 15,
        "id_tutorial": 15
    }
},
{
    "model": "tutorial.etiqueta_tutorial",
    "pk": 35,
    "fields": {
        "id_etiqueta": 7,
        "id_tutorial": 5
    }
},
{
    "model": "tutorial.etiqueta_tutorial",
    "pk": 36,
    "fields": {
        "id_etiqueta": 4,
        "id_tutorial": 14
    }
},
{
    "model": "tutorial.etiqueta_tutorial",
    "pk": 37,
    "fields": {
        "id_etiqueta": 12,
        "id_tutorial": 3
    }
},
{
    "model": "tutorial.etiqueta_tutorial",
    "pk": 38,
    "fields": {
        "id_etiqueta": 12,
        "id_tutorial": 5
    }
},
{
    "model": "tutorial.etiqueta_tutorial",
    "pk": 39,
    "fields": {
        "id_etiqueta": 7,
        "id_tutorial": 7
    }
},
{
    "model": "tutorial.etiqueta_tutorial",
    "pk": 40,
    "fields": {
        "id_etiqueta": 12,
        "id_tutorial": 7
    }
},
{
    "model": "tutorial.etiqueta_tutorial",
    "pk": 41,
    "fields": {
        "id_etiqueta": 12,
        "id_tutorial": 2
    }
},
{
    "model": "tutorial.etiqueta_tutorial",
    "pk": 42,
    "fields": {
        "id_etiqueta": 4,
        "id_tutorial": 2
    }
},
{
    "model": "tutorial.etiqueta_tutorial",
    "pk": 43,
    "fields": {
        "id_etiqueta": 5,
        "id_tutorial": 3
    }
},
{
    "model": "tutorial.etiqueta_tutorial",
    "pk": 44,
    "fields": {
        "id_etiqueta": 6,
        "id_tutorial": 9
    }
},
{
    "model": "tutorial.etiqueta_tutorial",
    "pk": 45,
    "fields": {
        "id_etiqueta": 9,
        "id_tutorial": 10
    }
},
{
    "model": "tutorial.etiqueta_tutorial",
    "pk": 46,
    "fields": {
        "id_etiqueta": 4,
        "id_tutorial": 6
    }
},
{
    "model": "tutorial.etiqueta_tutorial",
    "pk": 47,
    "fields": {
        "id_etiqueta": 15,
        "id_tutorial": 15
    }
},
{
    "model": "tutorial.etiqueta_tutorial",
    "pk": 48,
    "fields": {
        "id_etiqueta": 12,
        "id_tutorial": 15
    }
},
{
    "model": "tutorial.etiqueta_tutorial",
    "pk": 49,
    "fields": {
        "id_etiqueta": 13,
        "id_tutorial": 10
    }
},
{
    "model": "tutorial.favorito_usuario",
    "pk": 1,
    "fields": {
        "id_usuario": 10,
        "id_favorito": 1
    }
},
{
    "model": "tutorial.favorito_usuario",
    "pk": 2,
    "fields": {
        "id_usuario": 13,
        "id_favorito": 1
    }
},
{
    "model": "tutorial.favorito_usuario",
    "pk": 3,
    "fields": {
        "id_usuario": 7,
        "id_favorito": 2
    }
},
{
    "model": "tutorial.favorito_usuario",
    "pk": 4,
    "fields": {
        "id_usuario": 10,
        "id_favorito": 2
    }
},
{
    "model": "tutorial.favorito_usuario",
    "pk": 5,
    "fields": {
        "id_usuario": 2,
        "id_favorito": 2
    }
},
{
    "model": "tutorial.favorito_usuario",
    "pk": 6,
    "fields": {
        "id_usuario": 8,
        "id_favorito": 3
    }
},
{
    "model": "tutorial.favorito_usuario",
    "pk": 7,
    "fields": {
        "id_usuario": 12,
        "id_favorito": 3
    }
},
{
    "model": "tutorial.favorito_usuario",
    "pk": 8,
    "fields": {
        "id_usuario": 7,
        "id_favorito": 3
    }
},
{
    "model": "tutorial.favorito_usuario",
    "pk": 9,
    "fields": {
        "id_usuario": 4,
        "id_favorito": 3
    }
},
{
    "model": "tutorial.favorito_usuario",
    "pk": 10,
    "fields": {
        "id_usuario": 3,
        "id_favorito": 4
    }
},
{
    "model": "tutorial.favorito_usuario",
    "pk": 11,
    "fields": {
        "id_usuario": 14,
        "id_favorito": 5
    }
},
{
    "model": "tutorial.favorito_usuario",
    "pk": 12,
    "fields": {
        "id_usuario": 11,
        "id_favorito": 6
    }
},
{
    "model": "tutorial.favorito_usuario",
    "pk": 13,
    "fields": {
        "id_usuario": 14,
        "id_favorito": 6
    }
},
{
    "model": "tutorial.favorito_usuario",
    "pk": 14,
    "fields": {
        "id_usuario": 2,
        "id_favorito": 6
    }
},
{
    "model": "tutorial.favorito_usuario",
    "pk": 15,
    "fields": {
        "id_usuario": 3,
        "id_favorito": 6
    }
},
{
    "model": "tutorial.favorito_usuario",
    "pk": 16,
    "fields": {
        "id_usuario": 7,
        "id_favorito": 7
    }
},
{
    "model": "tutorial.favorito_usuario",
    "pk": 17,
    "fields": {
        "id_usuario": 13,
        "id_favorito": 7
    }
},
{
    "model": "tutorial.favorito_usuario",
    "pk": 18,
    "fields": {
        "id_usuario": 1,
        "id_favorito": 7
    }
},
{
    "model": "tutorial.favorito_usuario",
    "pk": 19,
    "fields": {
        "id_usuario": 12,
        "id_favorito": 8
    }
},
{
    "model": "tutorial.favorito_usuario",
    "pk": 20,
    "fields": {
        "id_usuario": 13,
        "id_favorito": 8
    }
},
{
    "model": "tutorial.favorito_usuario",
    "pk": 21,
    "fields": {
        "id_usuario": 10,
        "id_favorito": 9
    }
},
{
    "model": "tutorial.favorito_usuario",
    "pk": 22,
    "fields": {
        "id_usuario": 4,
        "id_favorito": 9
    }
},
{
    "model": "tutorial.favorito_usuario",
    "pk": 23,
    "fields": {
        "id_usuario": 1,
        "id_favorito": 9
    }
},
{
    "model": "tutorial.favorito_usuario",
    "pk": 24,
    "fields": {
        "id_usuario": 4,
        "id_favorito": 10
    }
},
{
    "model": "tutorial.favorito_usuario",
    "pk": 25,
    "fields": {
        "id_usuario": 13,
        "id_favorito": 10
    }
},
{
    "model": "tutorial.favorito_usuario",
    "pk": 26,
    "fields": {
        "id_usuario": 7,
        "id_favorito": 11
    }
},
{
    "model": "tutorial.favorito_usuario",
    "pk": 27,
    "fields": {
        "id_usuario": 10,
        "id_favorito": 12
    }
},
{
    "model": "tutorial.favorito_usuario",
    "pk": 28,
    "fields": {
        "id_usuario": 7,
        "id_favorito": 12
    }
},
{
    "model": "tutorial.favorito_usuario",
    "pk": 29,
    "fields": {
        "id_usuario": 8,
        "id_favorito": 13
    }
},
{
    "model": "tutorial.favorito_usuario",
    "pk": 30,
    "fields": {
        "id_usuario": 4,
        "id_favorito": 13
    }
},
{
    "model": "tutorial.favorito_usuario",
    "pk": 31,
    "fields": {
        "id_usuario": 1,
        "id_favorito": 14
    }
},
{
    "model": "tutorial.favorito_usuario",
    "pk": 32,
    "fields": {
        "id_usuario": 5,
        "id_favorito": 14
    }
},
{
    "model": "tutorial.favorito_usuario",
    "pk": 33,
    "fields": {
        "id_usuario": 7,
        "id_favorito": 15
    }
},
{
    "model": "tutorial.favorito_usuario",
    "pk": 34,
    "fields": {
        "id_usuario": 2,
        "id_favorito": 15
    }
},
{
    "model": "tutorial.favorito_usuario",
    "pk": 35,
    "fields": {
        "id_usuario": 15,
        "id_favorito": 2
    }
},
{
    "model": "tutorial.favorito_usuario",
    "pk": 36,
    "fields": {
        "id_usuario": 8,
        "id_favorito": 15
    }
},
{
    "model": "tutorial.favorito_usuario",
    "pk": 37,
    "fields": {
        "id_usuario": 15,
        "id_favorito": 3
    }
},
{
    "model": "tutorial.favorito_usuario",
    "pk": 38,
    "fields": {
        "id_usuario": 14,
        "id_favorito": 5
    }
},
{
    "model": "tutorial.favorito_usuario",
    "pk": 39,
    "fields": {
        "id_usuario": 2,
        "id_favorito": 2
    }
},
{
    "model": "tutorial.favorito_usuario",
    "pk": 40,
    "fields": {
        "id_usuario": 10,
        "id_favorito": 10
    }
},
{
    "model": "tutorial.favorito_usuario",
    "pk": 41,
    "fields": {
        "id_usuario": 1,
        "id_favorito": 9
    }
},
{
    "model": "tutorial.favorito_usuario",
    "pk": 42,
    "fields": {
        "id_usuario": 10,
        "id_favorito": 12
    }
},
{
    "model": "tutorial.favorito_usuario",
    "pk": 43,
    "fields": {
        "id_usuario": 11,
        "id_favorito": 3
    }
},
{
    "model": "tutorial.favorito_usuario",
    "pk": 44,
    "fields": {
        "id_usuario": 3,
        "id_favorito": 3
    }
},
{
    "model": "tutorial.favorito_usuario",
    "pk": 45,
    "fields": {
        "id_usuario": 7,
        "id_favorito": 3
    }
},
{
    "model": "tutorial.favorito_usuario",
    "pk": 46,
    "fields": {
        "id_usuario": 1,
        "id_favorito": 1
    }
},
{
    "model": "tutorial.favorito_usuario",
    "pk": 47,
    "fields": {
        "id_usuario": 9,
        "id_favorito": 11
    }
},
{
    "model": "tutorial.favorito_usuario",
    "pk": 48,
    "fields": {
        "id_usuario": 1,
        "id_favorito": 11
    }
},
{
    "model": "tutorial.favorito_usuario",
    "pk": 49,
    "fields": {
        "id_usuario": 10,
        "id_favorito": 1
    }
}
]
